SimTime,SimAlt,SimVel,State - Time (s),State - Flight Stage,State - PX (m),State - PY (m),State - PZ (m),State - VX (m/s),State - VY (m/s),State - VZ (m/s),State - AX (m/s/s),State - AY (m/s/s),State - AZ (m/s/s),State - Apogee Est (m),State - Time to Apogee (s),State - Off-Vert Angle (deg),State - Time in Stage (s),HITL_Barometer - Pres (hPa),HITL_Barometer - Temp (C),HITL_Barometer - Alt ASL (m),HITL_GPS - Lat (deg),HITL_GPS - Lon (deg),HITL_GPS - Alt (m),HITL_GPS - vN (m/s),HITL_GPS - vE (m/s),HITL_GPS - vD (m/s),HITL_GPS - Fix Quality,HITL_GPS - Time of Day,HITL_Accelerometer - Acc X (m/s^2),HITL_Accelerometer - Acc Y (m/s^2),HITL_Accelerometer - Acc Z (m/s^2),HITL_Gyroscope - Gyro X (rad/s),HITL_Gyroscope - Gyro Y (rad/s),HITL_Gyroscope - Gyro Z (rad/s),HITL_Magnetometer - Mag X (uT),HITL_Magnetometer - Mag Y (uT),HITL_Magnetometer - Mag Z (uT)
0.06,0.0,0.0,0.040,0,0.000,0.000,0.000,0.000,0.000,0.000,0.000,0.000,0.000,0.000,0.000,180.000,0.000,1013.250,25.000,0.000,45.0000000,-122.0000000,0.000,0.000,0.000,0.000,8,00:00:00,0.000,0.000,9.810,0.000,0.000,0.000,20.000,10.000,-45.000
0.1,0.0,0.0,0.080,0,4.091,-11.091,0.000,0.000,0.000,0.000,0.000,0.000,0.000,0.000,0.000,180.000,0.060,1013.250,25.000,0.000,45.0000000,-122.0000000,0.000,0.000,0.000,0.000,8,00:00:00,0.000,0.000,9.810,0.000,0.000,0.000,20.000,10.000,-45.000
0.14,0.0,0.0,0.120,0,13.323,-36.119,0.000,0.317,-0.859,0.000,0.000,0.000,0.000,0.000,0.000,180.000,0.080,1013.250,25.000,0.000,45.0000000,-122.0000000,0.000,0.000,0.000,0.000,8,00:00:00,0.000,0.000,9.810,0.000,0.000,0.000,20.000,10.000,-45.000
0.18,0.0,0.0,0.160,0,13.335,-36.153,0.000,0.317,-0.859,0.000,0.000,0.000,0.000,0.000,0.000,180.000,0.120,1013.250,25.000,0.000,45.0000000,-122.0000000,0.000,0.000,0.000,0.000,8,00:00:00,0.000,0.000,9.810,0.000,0.000,0.000,20.000,10.000,-45.000
0.22,0.0,0.0,0.200,0,21.150,-57.339,0.000,0.788,-2.136,0.000,0.000,0.000,0.000,0.000,0.000,180.000,0.180,1013.250,25.000,0.000,45.0000000,-122.0000000,0.000,0.000,0.000,0.000,8,00:00:00,0.000,0.000,9.810,0.000,0.000,0.000,20.000,10.000,-45.000
0.26,0.0,0.0,0.240,0,28.569,-77.455,0.000,1.492,-4.045,0.000,0.000,0.000,0.000,0.000,0.000,180.000,0.200,1013.250,25.000,0.000,45.0000000,-122.0000000,0.000,0.000,0.000,0.000,8,00:00:00,0.000,0.000,9.810,0.000,0.000,0.000,20.000,10.000,-45.000
0.3,0.0,0.0,0.280,0,28.629,-77.617,0.000,1.492,-4.045,0.000,0.000,0.000,0.000,0.000,0.000,180.000,0.240,1013.250,25.000,0.000,45.0000000,-122.0000000,0.000,0.000,0.000,0.000,8,00:00:00,0.000,0.000,9.810,0.000,0.000,0.000,20.000,10.000,-45.000
0.34,0.0,0.0,0.320,0,33.461,-90.715,0.000,2.112,-5.725,0.000,0.000,0.000,0.000,0.000,0.000,180.000,0.300,1013.250,25.000,0.000,45.0000000,-122.0000000,0.000,0.000,0.000,0.000,8,00:00:00,0.000,0.000,9.810,0.000,0.000,0.000,20.000,10.000,-45.000
0.38,0.0,0.0,0.360,0,37.362,-101.293,0.000,2.750,-7.457,0.000,0.000,0.000,0.000,0.000,0.000,180.000,0.320,1013.250,25.000,0.000,45.0000000,-122.0000000,0.000,0.000,0.000,0.000,8,00:00:00,0.000,0.000,9.810,0.000,0.000,0.000,20.000,10.000,-45.000
0.42,0.0,0.0,0.400,0,37.472,-101.591,0.000,2.750,-7.457,0.000,0.000,0.000,0.000,0.000,0.000,180.000,0.360,1013.250,25.000,0.000,45.0000000,-122.0000000,0.000,0.000,0.000,0.000,8,00:00:00,0.000,0.000,9.810,0.000,0.000,0.000,20.000,10.000,-45.000
0.46,0.0,0.0,0.440,0,39.834,-107.993,0.000,3.229,-8.753,0.000,0.000,0.000,0.000,0.000,0.000,180.000,0.420,1013.250,25.000,0.000,45.0000000,-122.0000000,0.000,0.000,0.000,0.000,8,00:00:00,0.000,0.000,9.810,0.000,0.000,0.000,20.000,10.000,-45.000
0.5,0.0,0.0,0.480,0,41.678,-112.994,0.000,3.649,-9.894,0.000,0.000,0.000,0.000,0.000,0.000,180.000,0.440,1013.250,25.000,0.000,45.0000000,-122.0000000,0.000,0.000,0.000,0.000,8,00:00:00,0.000,0.000,9.810,0.000,0.000,0.000,20.000,10.000,-45.000
0.54,0.0,0.0,0.520,0,41.824,-113.390,0.000,3.649,-9.894,0.000,0.000,0.000,0.000,0.000,0.000,180.000,0.480,1013.250,25.000,0.000,45.0000000,-122.0000000,0.000,0.000,0.000,0.000,8,00:00:00,0.000,0.000,9.810,0.000,0.000,0.000,20.000,10.000,-45.000
0.58,0.0,0.0,0.560,0,42.887,-116.272,0.000,3.936,-10.670,0.000,0.000,0.000,0.000,0.000,0.000,180.000,0.540,1013.250,25.000,0.000,45.0000000,-122.0000000,0.000,0.000,0.000,0.000,8,00:00:00,0.000,0.000,9.810,0.000,0.000,0.000,20.000,10.000,-45.000
0.62,0.0,0.0,0.600,0,43.718,-118.525,0.000,4.153,-11.260,0.000,0.000,0.000,0.000,0.000,0.000,180.000,0.560,1013.250,25.000,0.000,45.0000000,-122.0000000,0.000,0.000,0.000,0.000,8,00:00:00,0.000,0.000,9.810,0.000,0.000,0.000,20.000,10.000,-45.000
0.66,0.0,0.0,0.640,0,43.884,-118.975,0.000,4.153,-11.260,0.000,0.000,0.000,0.000,0.000,0.000,180.000,0.600,1013.250,25.000,0.000,45.0000000,-122.0000000,0.000,0.000,0.000,0.000,8,00:00:00,0.000,0.000,9.810,0.000,0.000,0.000,20.000,10.000,-45.000
0.7,0.0,0.0,0.680,0,44.319,-120.154,0.000,4.283,-11.612,0.000,0.000,0.000,0.000,0.000,0.000,180.000,0.660,1013.250,25.000,0.000,45.0000000,-122.0000000,0.000,0.000,0.000,0.000,8,00:00:00,0.000,0.000,9.810,0.000,0.000,0.000,20.000,10.000,-45.000
0.74,0.0,0.0,0.720,0,44.668,-121.099,0.000,4.353,-11.802,0.000,0.000,0.000,0.000,0.000,0.000,180.000,0.680,1013.250,25.000,0.000,45.0000000,-122.0000000,0.000,0.000,0.000,0.000,8,00:00:00,0.000,0.000,9.810,0.000,0.000,0.000,20.000,10.000,-45.000
0.78,0.0,0.0,0.760,0,44.842,-121.571,0.000,4.353,-11.802,0.000,0.000,0.000,0.000,0.000,0.000,180.000,0.720,1013.250,25.000,0.000,45.0000000,-122.0000000,0.000,0.000,0.000,0.000,8,00:00:00,0.000,0.000,9.810,0.000,0.000,0.000,20.000,10.000,-45.000
0.82,0.0,0.0,0.800,0,44.979,-121.944,0.000,4.376,-11.863,0.000,0.000,0.000,0.000,0.000,0.000,180.000,0.780,1013.250,25.000,0.000,45.0000000,-122.0000000,0.000,0.000,0.000,0.000,8,00:00:00,0.000,0.000,9.810,0.000,0.000,0.000,20.000,10.000,-45.000
0.86,0.0,0.0,0.840,0,45.100,-122.272,0.000,4.350,-11.795,0.000,0.000,0.000,0.000,0.000,0.000,180.000,0.800,1013.250,25.000,0.000,45.0000000,-122.0000000,0.000,0.000,0.000,0.000,8,00:00:00,0.000,0.000,9.810,0.000,0.000,0.000,20.000,10.000,-45.000
0.9,0.0,0.0,0.880,0,45.274,-122.743,0.000,4.350,-11.795,0.000,0.000,0.000,0.000,0.000,0.000,180.000,0.840,1013.250,25.000,0.000,45.0000000,-122.0000000,0.000,0.000,0.000,0.000,8,00:00:00,0.000,0.000,9.810,0.000,0.000,0.000,20.000,10.000,-45.000
0.94,0.0,0.0,0.920,0,45.273,-122.740,0.000,4.306,-11.673,0.000,0.000,0.000,0.000,0.000,0.000,180.000,0.900,1013.250,25.000,0.000,45.0000000,-122.0000000,0.000,0.000,0.000,0.000,8,00:00:00,0.000,0.000,9.810,0.000,0.000,0.000,20.000,10.000,-45.000
0.98,0.0,0.0,0.960,0,45.288,-122.781,0.000,4.223,-11.449,0.000,0.000,0.000,0.000,0.000,0.000,180.000,0.920,1013.250,25.000,0.000,45.0000000,-122.0000000,0.000,0.000,0.000,0.000,8,00:00:00,0.000,0.000,9.810,0.000,0.000,0.000,20.000,10.000,-45.000
1.02,0.0,0.0,1.000,0,45.457,-123.239,0.000,4.223,-11.449,0.000,0.000,0.000,0.000,0.000,0.000,180.000,0.960,1013.250,25.000,0.000,45.0000000,-122.0000000,0.000,0.000,0.000,0.000,8,00:00:00,0.000,0.000,9.810,0.000,0.000,0.000,20.000,10.000,-45.000
0.02,0.0,0.0,1.040,0,45.394,-123.067,0.000,4.139,-11.220,0.000,0.000,0.000,0.000,0.000,0.000,180.000,1.020,1013.250,25.000,0.000,45.0000000,-122.0000000,0.000,0.000,0.000,0.000,8,00:00:00,0.000,0.000,9.810,0.000,0.000,0.000,20.000,10.000,-45.000
1.1,0.0,0.0,1.080,0,45.361,-122.978,0.000,4.024,-10.908,0.000,0.000,0.000,0.000,0.000,0.000,180.000,1.040,1013.250,25.000,0.000,45.0000000,-122.0000000,0.000,0.000,0.000,0.000,8,00:00:00,0.000,0.000,9.810,0.000,0.000,0.000,20.000,10.000,-45.000
1.14,0.0,0.0,1.120,0,45.522,-123.414,0.000,4.024,-10.908,0.000,0.000,0.000,0.000,0.000,0.000,180.000,1.080,1013.250,25.000,0.000,45.0000000,-122.0000000,0.000,0.000,0.000,0.000,8,00:00:00,0.000,0.000,9.810,0.000,0.000,0.000,20.000,10.000,-45.000
1.18,0.0,0.0,1.160,0,45.432,-123.171,0.000,3.918,-10.622,0.000,0.000,0.000,0.000,0.000,0.000,180.000,1.140,1013.250,25.000,0.000,45.0000000,-122.0000000,0.000,0.000,0.000,0.000,8,00:00:00,0.000,0.000,9.810,0.000,0.000,0.000,20.000,10.000,-45.000
1.22,0.0,0.0,1.200,0,45.379,-123.026,0.000,3.786,-10.265,0.000,0.000,0.000,0.000,0.000,0.000,180.000,1.160,1013.250,25.000,0.000,45.0000000,-122.0000000,0.000,0.000,0.000,0.000,8,00:00:00,0.000,0.000,9.810,0.000,0.000,0.000,20.000,10.000,-45.000
1.26,0.0,0.0,1.240,0,45.530,-123.437,0.000,3.786,-10.265,0.000,0.000,0.000,0.000,0.000,0.000,180.000,1.200,1013.250,25.000,0.000,45.0000000,-122.0000000,0.000,0.000,0.000,0.000,8,00:00:00,0.000,0.000,9.810,0.000,0.000,0.000,20.000,10.000,-45.000
1.3,0.0,0.0,1.280,0,45.432,-123.171,0.000,3.671,-9.951,0.000,0.000,0.000,0.000,0.000,0.000,180.000,1.260,1013.250,25.000,0.000,45.0000000,-122.0000000,0.000,0.000,0.000,0.000,8,00:00:00,0.000,0.000,9.810,0.000,0.000,0.000,20.000,10.000,-45.000
1.34,0.0,0.0,1.320,0,45.371,-123.006,0.000,3.532,-9.576,0.000,0.000,0.000,0.000,0.000,0.000,180.000,1.280,1013.250,25.000,0.000,45.0000000,-122.0000000,0.000,0.000,0.000,0.000,8,00:00:00,0.000,0.000,9.810,0.000,0.000,0.000,20.000,10.000,-45.000
1.38,0.0,0.0,1.360,0,45.512,-123.389,0.000,3.532,-9.576,0.000,0.000,0.000,0.000,0.000,0.000,180.000,1.320,1013.250,25.000,0.000,45.0000000,-122.0000000,0.000,0.000,0.000,0.000,8,00:00:00,0.000,0.000,9.810,0.000,0.000,0.000,20.000,10.000,-45.000
1.42,0.0,0.0,1.400,0,45.414,-123.122,0.000,3.413,-9.254,0.000,0.000,0.000,0.000,0.000,0.000,180.000,1.380,1013.250,25.000,0.000,45.0000000,-122.0000000,0.000,0.000,0.000,0.000,8,00:00:00,0.000,0.000,9.810,0.000,0.000,0.000,20.000,10.000,-45.000
1.46,0.0,0.0,1.440,0,45.352,-122.955,0.000,3.274,-8.877,0.000,0.000,0.000,0.000,0.000,0.000,180.000,1.400,1013.250,25.000,0.000,45.0000000,-122.0000000,0.000,0.000,0.000,0.000,8,00:00:00,0.000,0.000,9.810,0.000,0.000,0.000,20.000,10.000,-45.000
1.5,0.0,0.0,1.480,0,45.483,-123.310,0.000,3.274,-8.877,0.000,0.000,0.000,0.000,0.000,0.000,180.000,1.440,1013.250,25.000,0.000,45.0000000,-122.0000000,0.000,0.000,0.000,0.000,8,00:00:00,0.000,0.000,9.810,0.000,0.000,0.000,20.000,10.000,-45.000
1.54,0.0,0.0,1.520,0,45.389,-123.054,0.000,3.156,-8.558,0.000,0.000,0.000,0.000,0.000,0.000,180.000,1.500,1013.250,25.000,0.000,45.0000000,-122.0000000,0.000,0.000,0.000,0.000,8,00:00:00,0.000,0.000,9.810,0.000,0.000,0.000,20.000,10.000,-45.000
1.58,0.0,0.0,1.560,0,45.329,-122.892,0.000,3.021,-8.189,0.000,0.000,0.000,0.000,0.000,0.000,180.000,1.520,1013.250,25.000,0.000,45.0000000,-122.0000000,0.000,0.000,0.000,0.000,8,00:00:00,0.000,0.000,9.810,0.000,0.000,0.000,20.000,10.000,-45.000
1.62,0.0,0.0,1.600,0,45.450,-123.219,0.000,3.021,-8.189,0.000,0.000,0.000,0.000,0.000,0.000,180.000,1.560,1013.250,25.000,0.000,45.0000000,-122.0000000,0.000,0.000,0.000,0.000,8,00:00:00,0.000,0.000,9.810,0.000,0.000,0.000,20.000,10.000,-45.000
1.66,0.0,0.0,1.640,0,45.361,-122.977,0.000,2.907,-7.880,0.000,0.000,0.000,0.000,0.000,0.000,180.000,1.620,1013.250,25.000,0.000,45.0000000,-122.0000000,0.000,0.000,0.000,0.000,8,00:00:00,0.000,0.000,9.810,0.000,0.000,0.000,20.000,10.000,-45.000
1.7,0.0,0.0,1.680,0,45.304,-122.824,0.000,2.776,-7.527,0.000,0.000,0.000,0.000,0.000,0.000,180.000,1.640,1013.250,25.000,0.000,45.0000000,-122.0000000,0.000,0.000,0.000,0.000,8,00:00:00,0.000,0.000,9.810,0.000,0.000,0.000,20.000,10.000,-45.000
1.74,0.0,0.0,1.720,0,45.415,-123.125,0.000,2.776,-7.527,0.000,0.000,0.000,0.000,0.000,0.000,180.000,1.680,1013.250,25.000,0.000,45.0000000,-122.0000000,0.000,0.000,0.000,0.000,8,00:00:00,0.000,0.000,9.810,0.000,0.000,0.000,20.000,10.000,-45.000
1.78,0.0,0.0,1.760,0,45.332,-122.900,0.000,2.667,-7.231,0.000,0.000,0.000,0.000,0.000,0.000,180.000,1.740,1013.250,25.000,0.000,45.0000000,-122.0000000,0.000,0.000,0.000,0.000,8,00:00:00,0.000,0.000,9.810,0.000,0.000,0.000,20.000,10.000,-45.000
1.82,0.0,0.0,1.800,0,45.279,-122.757,0.000,2.544,-6.897,0.000,0.000,0.000,0.000,0.000,0.000,180.000,1.760,1013.250,25.000,0.000,45.0000000,-122.0000000,0.000,0.000,0.000,0.000,8,00:00:00,0.000,0.000,9.810,0.000,0.000,0.000,20.000,10.000,-45.000
1.86,0.0,0.0,1.840,0,45.381,-123.033,0.000,2.544,-6.897,0.000,0.000,0.000,0.000,0.000,0.000,180.000,1.800,1013.250,25.000,0.000,45.0000000,-122.0000000,0.000,0.000,0.000,0.000,8,00:00:00,0.000,0.000,9.810,0.000,0.000,0.000,20.000,10.000,-45.000
1.9,0.0,0.0,1.880,0,45.305,-122.826,0.000,2.441,-6.618,0.000,0.000,0.000,0.000,0.000,0.000,180.000,1.860,1013.250,25.000,0.000,45.0000000,-122.0000000,0.000,0.000,0.000,0.000,8,00:00:00,0.000,0.000,9.810,0.000,0.000,0.000,20.000,10.000,-45.000
1.94,0.0,0.0,1.920,0,45.256,-122.693,0.000,2.325,-6.304,0.000,0.000,0.000,0.000,0.000,0.000,180.000,1.880,1013.250,25.000,0.000,45.0000000,-122.0000000,0.000,0.000,0.000,0.000,8,00:00:00,0.000,0.000,9.810,0.000,0.000,0.000,20.000,10.000,-45.000
1.98,0.0,0.0,1.960,0,45.349,-122.946,0.000,2.325,-6.304,0.000,0.000,0.000,0.000,0.000,0.000,180.000,1.920,1013.250,25.000,0.000,45.0000000,-122.0000000,0.000,0.000,0.000,0.000,8,00:00:00,0.000,0.000,9.810,0.000,0.000,0.000,20.000,10.000,-45.000
2.02,0.0,0.0,2.000,0,45.278,-122.755,0.000,2.229,-6.044,0.000,0.000,0.000,0.000,0.000,0.000,180.000,1.980,1013.250,25.000,0.000,45.0000000,-122.0000000,0.000,0.000,0.000,0.000,8,00:00:00,0.000,0.000,9.810,0.000,0.000,0.000,20.000,10.000,-45.000
2.06,0.0,0.0,2.040,0,45.234,-122.633,0.000,2.121,-5.751,0.000,0.000,0.000,0.000,0.000,0.000,180.000,2.000,1013.250,25.000,0.000,45.0000000,-122.0000000,0.000,0.000,0.000,0.000,8,00:00:00,0.000,0.000,9.810,0.000,0.000,0.000,20.000,10.000,-45.000
2.1,0.0,0.0,2.080,0,45.318,-122.863,0.000,2.121,-5.751,0.000,0.000,0.000,0.000,0.000,0.000,180.000,2.040,1013.250,25.000,0.000,45.0000000,-122.0000000,0.000,0.000,0.000,0.000,8,00:00:00,0.000,0.000,9.810,0.000,0.000,0.000,20.000,10.000,-45.000
2.14,0.0,0.0,2.120,0,45.254,-122.688,0.000,2.032,-5.509,0.000,0.000,0.000,0.000,0.000,0.000,180.000,2.100,1013.250,25.000,0.000,45.0000000,-122.0000000,0.000,0.000,0.000,0.000,8,00:00:00,0.000,0.000,9.810,0.000,0.000,0.000,20.000,10.000,-45.000
2.18,0.0,0.0,2.160,0,45.213,-122.577,0.000,1.932,-5.238,0.000,0.000,0.000,0.000,0.000,0.000,180.000,2.120,1013.250,25.000,0.000,45.0000000,-122.0000000,0.000,0.000,0.000,0.000,8,00:00:00,0.000,0.000,9.810,0.000,0.000,0.000,20.000,10.000,-45.000
2.22,0.0,0.0,2.200,0,45.290,-122.786,0.000,1.932,-5.238,0.000,0.000,0.000,0.000,0.000,0.000,180.000,2.160,1013.250,25.000,0.000,45.0000000,-122.0000000,0.000,0.000,0.000,0.000,8,00:00:00,0.000,0.000,9.810,0.000,0.000,0.000,20.000,10.000,-45.000
2.26,0.0,0.0,2.240,0,45.231,-122.627,0.000,1.850,-5.015,0.000,0.000,0.000,0.000,0.000,0.000,180.000,2.220,1013.250,25.000,0.000,45.0000000,-122.0000000,0.000,0.000,0.000,0.000,8,00:00:00,0.000,0.000,9.810,0.000,0.000,0.000,20.000,10.000,-45.000
2.3,0.0,0.0,2.280,0,45.194,-122.525,0.000,1.757,-4.765,0.000,0.000,0.000,0.000,0.000,0.000,180.000,2.240,1013.250,25.000,0.000,45.0000000,-122.0000000,0.000,0.000,0.000,0.000,8,00:00:00,0.000,0.000,9.810,0.000,0.000,0.000,20.000,10.000,-45.000
2.34,0.0,0.0,2.320,0,45.264,-122.715,0.000,1.757,-4.765,0.000,0.000,0.000,0.000,0.000,0.000,180.000,2.280,1013.250,25.000,0.000,45.0000000,-122.0000000,0.000,0.000,0.000,0.000,8,00:00:00,0.000,0.000,9.810,0.000,0.000,0.000,20.000,10.000,-45.000
2.38,0.0,0.0,2.360,0,45.210,-122.570,0.000,1.681,-4.559,0.000,0.000,0.000,0.000,0.000,0.000,180.000,2.340,1013.250,25.000,0.000,45.0000000,-122.0000000,0.000,0.000,0.000,0.000,8,00:00:00,0.000,0.000,9.810,0.000,0.000,0.000,20.000,10.000,-45.000
2.42,0.0,0.0,2.400,0,45.176,-122.477,0.000,1.597,-4.329,0.000,0.000,0.000,0.000,0.000,0.000,180.000,2.360,1013.250,25.000,0.000,45.0000000,-122.0000000,0.000,0.000,0.000,0.000,8,00:00:00,0.000,0.000,9.810,0.000,0.000,0.000,20.000,10.000,-45.000
2.46,0.0,0.0,2.440,0,45.240,-122.650,0.000,1.597,-4.329,0.000,0.000,0.000,0.000,0.000,0.000,180.000,2.400,1013.250,25.000,0.000,45.0000000,-122.0000000,0.000,0.000,0.000,0.000,8,00:00:00,0.000,0.000,9.810,0.000,0.000,0.000,20.000,10.000,-45.000
2.5,0.0,0.0,2.480,0,45.191,-122.517,0.000,1.527,-4.140,0.000,0.000,0.000,0.000,0.000,0.000,180.000,2.460,1013.250,25.000,0.000,45.0000000,-122.0000000,0.000,0.000,0.000,0.000,8,00:00:00,0.000,0.000,9.810,0.000,0.000,0.000,20.000,10.000,-45.000
2.54,0.0,0.0,2.520,0,45.160,-122.433,0.000,1.449,-3.930,0.000,0.000,0.000,0.000,0.000,0.000,180.000,2.480,1013.250,25.000,0.000,45.0000000,-122.0000000,0.000,0.000,0.000,0.000,8,00:00:00,0.000,0.000,9.810,0.000,0.000,0.000,20.000,10.000,-45.000
2.58,0.0,0.0,2.560,0,45.218,-122.590,0.000,1.449,-3.930,0.000,0.000,0.000,0.000,0.000,0.000,180.000,2.520,1013.250,25.000,0.000,45.0000000,-122.0000000,0.000,0.000,0.000,0.000,8,00:00:00,0.000,0.000,9.810,0.000,0.000,0.000,20.000,10.000,-45.000
2.62,0.0,0.0,2.600,0,45.173,-122.470,0.000,1.386,-3.757,0.000,0.000,0.000,0.000,0.000,0.000,180.000,2.580,1013.250,25.000,0.000,45.0000000,-122.0000000,0.000,0.000,0.000,0.000,8,00:00:00,0.000,0.000,9.810,0.000,0.000,0.000,20.000,10.000,-45.000
2.66,0.0,0.0,2.640,0,45.145,-122.393,0.000,1.315,-3.565,0.000,0.000,0.000,0.000,0.000,0.000,180.000,2.600,1013.250,25.000,0.000,45.0000000,-122.0000000,0.000,0.000,0.000,0.000,8,00:00:00,0.000,0.000,9.810,0.000,0.000,0.000,20.000,10.000,-45.000
2.7,0.0,0.0,2.680,0,45.197,-122.535,0.000,1.315,-3.565,0.000,0.000,0.000,0.000,0.000,0.000,180.000,2.640,1013.250,25.000,0.000,45.0000000,-122.0000000,0.000,0.000,0.000,0.000,8,00:00:00,0.000,0.000,9.810,0.000,0.000,0.000,20.000,10.000,-45.000
2.74,0.0,0.0,2.720,0,45.157,-122.426,0.000,1.257,-3.407,0.000,0.000,0.000,0.000,0.000,0.000,180.000,2.700,1013.250,25.000,0.000,45.0000000,-122.0000000,0.000,0.000,0.000,0.000,8,00:00:00,0.000,0.000,9.810,0.000,0.000,0.000,20.000,10.000,-45.000
2.78,0.0,0.0,2.760,0,45.131,-122.356,0.000,1.192,-3.231,0.000,0.000,0.000,0.000,0.000,0.000,180.000,2.720,1013.250,25.000,0.000,45.0000000,-122.0000000,0.000,0.000,0.000,0.000,8,00:00:00,0.000,0.000,9.810,0.000,0.000,0.000,20.000,10.000,-45.000
2.82,0.0,0.0,2.800,0,45.179,-122.485,0.000,1.192,-3.231,0.000,0.000,0.000,0.000,0.000,0.000,180.000,2.760,1013.250,25.000,0.000,45.0000000,-122.0000000,0.000,0.000,0.000,0.000,8,00:00:00,0.000,0.000,9.810,0.000,0.000,0.000,20.000,10.000,-45.000
2.86,0.0,0.0,2.840,0,45.142,-122.386,0.000,1.139,-3.088,0.000,0.000,0.000,0.000,0.000,0.000,180.000,2.820,1013.250,25.000,0.000,45.0000000,-122.0000000,0.000,0.000,0.000,0.000,8,00:00:00,0.000,0.000,9.810,0.000,0.000,0.000,20.000,10.000,-45.000
2.9,0.0,0.0,2.880,0,45.119,-122.323,0.000,1.080,-2.928,0.000,0.000,0.000,0.000,0.000,0.000,180.000,2.840,1013.250,25.000,0.000,45.0000000,-122.0000000,0.000,0.000,0.000,0.000,8,00:00:00,0.000,0.000,9.810,0.000,0.000,0.000,20.000,10.000,-45.000
2.94,0.0,0.0,2.920,0,45.162,-122.440,0.000,1.080,-2.928,0.000,0.000,0.000,0.000,0.000,0.000,180.000,2.880,1013.250,25.000,0.000,45.0000000,-122.0000000,0.000,0.000,0.000,0.000,8,00:00:00,0.000,0.000,9.810,0.000,0.000,0.000,20.000,10.000,-45.000
2.98,0.0,0.0,2.960,0,45.129,-122.350,0.000,1.032,-2.797,0.000,0.000,0.000,0.000,0.000,0.000,180.000,2.940,1013.250,25.000,0.000,45.0000000,-122.0000000,0.000,0.000,0.000,0.000,8,00:00:00,0.000,0.000,9.810,0.000,0.000,0.000,20.000,10.000,-45.000
3.02,0.0,0.0,3.000,0,45.108,-122.292,0.000,0.978,-2.652,0.000,0.000,0.000,0.000,0.000,0.000,180.000,2.960,1013.250,25.000,0.000,45.0000000,-122.0000000,0.000,0.000,0.000,0.000,8,00:00:00,0.000,0.000,9.810,0.000,0.000,0.000,20.000,10.000,-45.000
3.06,0.0,0.0,3.040,0,45.147,-122.398,0.000,0.978,-2.652,0.000,0.000,0.000,0.000,0.000,0.000,180.000,3.000,1013.250,25.000,0.000,45.0000000,-122.0000000,0.000,0.000,0.000,0.000,8,00:00:00,0.000,0.000,9.810,0.000,0.000,0.000,20.000,10.000,-45.000
3.1,0.0,0.0,3.080,0,45.117,-122.317,0.000,0.934,-2.533,0.000,0.000,0.000,0.000,0.000,0.000,180.000,3.060,1013.250,25.000,0.000,45.0000000,-122.0000000,0.000,0.000,0.000,0.000,8,00:00:00,0.000,0.000,9.810,0.000,0.000,0.000,20.000,10.000,-45.000
3.14,0.0,0.0,3.120,0,45.098,-122.265,0.000,0.886,-2.401,0.000,0.000,0.000,0.000,0.000,0.000,180.000,3.080,1013.250,25.000,0.000,45.0000000,-122.0000000,0.000,0.000,0.000,0.000,8,00:00:00,0.000,0.000,9.810,0.000,0.000,0.000,20.000,10.000,-45.000
3.18,0.0,0.0,3.160,0,45.133,-122.361,0.000,0.886,-2.401,0.000,0.000,0.000,0.000,0.000,0.000,180.000,3.120,1013.250,25.000,0.000,45.0000000,-122.0000000,0.000,0.000,0.000,0.000,8,00:00:00,0.000,0.000,9.810,0.000,0.000,0.000,20.000,10.000,-45.000
3.22,0.0,0.0,3.200,0,45.106,-122.287,0.000,0.846,-2.293,0.000,0.000,0.000,0.000,0.000,0.000,180.000,3.180,1013.250,25.000,0.000,45.0000000,-122.0000000,0.000,0.000,0.000,0.000,8,00:00:00,0.000,0.000,9.810,0.000,0.000,0.000,20.000,10.000,-45.000
3.26,0.0,0.0,3.240,0,45.088,-122.239,0.000,0.802,-2.173,0.000,0.000,0.000,0.000,0.000,0.000,180.000,3.200,1013.250,25.000,0.000,45.0000000,-122.0000000,0.000,0.000,0.000,0.000,8,00:00:00,0.000,0.000,9.810,0.000,0.000,0.000,20.000,10.000,-45.000
3.3,0.0,0.0,3.280,0,45.120,-122.326,0.000,0.802,-2.173,0.000,0.000,0.000,0.000,0.000,0.000,180.000,3.240,1013.250,25.000,0.000,45.0000000,-122.0000000,0.000,0.000,0.000,0.000,8,00:00:00,0.000,0.000,9.810,0.000,0.000,0.000,20.000,10.000,-45.000
3.34,0.0,0.0,3.320,0,45.096,-122.259,0.000,0.765,-2.075,0.000,0.000,0.000,0.000,0.000,0.000,180.000,3.300,1013.250,25.000,0.000,45.0000000,-122.0000000,0.000,0.000,0.000,0.000,8,00:00:00,0.000,0.000,9.810,0.000,0.000,0.000,20.000,10.000,-45.000
3.38,0.0,0.0,3.360,0,45.080,-122.217,0.000,0.725,-1.967,0.000,0.000,0.000,0.000,0.000,0.000,180.000,3.320,1013.250,25.000,0.000,45.0000000,-122.0000000,0.000,0.000,0.000,0.000,8,00:00:00,0.000,0.000,9.810,0.000,0.000,0.000,20.000,10.000,-45.000
3.42,0.0,0.0,3.400,0,45.109,-122.295,0.000,0.725,-1.967,0.000,0.000,0.000,0.000,0.000,0.000,180.000,3.360,1013.250,25.000,0.000,45.0000000,-122.0000000,0.000,0.000,0.000,0.000,8,00:00:00,0.000,0.000,9.810,0.000,0.000,0.000,20.000,10.000,-45.000
3.46,0.0,0.0,3.440,0,45.087,-122.235,0.000,0.693,-1.878,0.000,0.000,0.000,0.000,0.000,0.000,180.000,3.420,1013.250,25.000,0.000,45.0000000,-122.0000000,0.000,0.000,0.000,0.000,8,00:00:00,0.000,0.000,9.810,0.000,0.000,0.000,20.000,10.000,-45.000
3.5,0.0,0.0,3.480,0,45.072,-122.196,0.000,0.656,-1.779,0.000,0.000,0.000,0.000,0.000,0.000,180.000,3.440,1013.250,25.000,0.000,45.0000000,-122.0000000,0.000,0.000,0.000,0.000,8,00:00:00,0.000,0.000,9.810,0.000,0.000,0.000,20.000,10.000,-45.000
3.54,0.0,0.0,3.520,0,45.099,-122.267,0.000,0.656,-1.779,0.000,0.000,0.000,0.000,0.000,0.000,180.000,3.480,1013.250,25.000,0.000,45.0000000,-122.0000000,0.000,0.000,0.000,0.000,8,00:00:00,0.000,0.000,9.810,0.000,0.000,0.000,20.000,10.000,-45.000
3.58,0.0,0.0,3.560,0,45.078,-122.212,0.000,0.627,-1.699,0.000,0.000,0.000,0.000,0.000,0.000,180.000,3.540,1013.250,25.000,0.000,45.0000000,-122.0000000,0.000,0.000,0.000,0.000,8,00:00:00,0.000,0.000,9.810,0.000,0.000,0.000,20.000,10.000,-45.000
3.62,0.0,0.0,3.600,0,45.065,-122.177,0.000,0.594,-1.610,0.000,0.000,0.000,0.000,0.000,0.000,180.000,3.560,1013.250,25.000,0.000,45.0000000,-122.0000000,0.000,0.000,0.000,0.000,8,00:00:00,0.000,0.000,9.810,0.000,0.000,0.000,20.000,10.000,-45.000
3.66,0.0,0.0,3.640,0,45.089,-122.242,0.000,0.594,-1.610,0.000,0.000,0.000,0.000,0.000,0.000,180.000,3.600,1013.250,25.000,0.000,45.0000000,-122.0000000,0.000,0.000,0.000,0.000,8,00:00:00,0.000,0.000,9.810,0.000,0.000,0.000,20.000,10.000,-45.000
3.7,0.0,0.0,3.680,0,45.071,-122.192,0.000,0.567,-1.537,0.000,0.000,0.000,0.000,0.000,0.000,180.000,3.660,1013.250,25.000,0.000,45.0000000,-122.0000000,0.000,0.000,0.000,0.000,8,00:00:00,0.000,0.000,9.810,0.000,0.000,0.000,20.000,10.000,-45.000
3.74,0.0,0.0,3.720,0,45.059,-122.160,0.000,0.537,-1.456,0.000,0.000,0.000,0.000,0.000,0.000,180.000,3.680,1013.250,25.000,0.000,45.0000000,-122.0000000,0.000,0.000,0.000,0.000,8,00:00:00,0.000,0.000,9.810,0.000,0.000,0.000,20.000,10.000,-45.000
3.78,0.0,0.0,3.760,0,45.081,-122.219,0.000,0.537,-1.456,0.000,0.000,0.000,0.000,0.000,0.000,180.000,3.720,1013.250,25.000,0.000,45.0000000,-122.0000000,0.000,0.000,0.000,0.000,8,00:00:00,0.000,0.000,9.810,0.000,0.000,0.000,20.000,10.000,-45.000
3.82,0.0,0.0,3.800,0,45.064,-122.174,0.000,0.513,-1.390,0.000,0.000,0.000,0.000,0.000,0.000,180.000,3.780,1013.250,25.000,0.000,45.0000000,-122.0000000,0.000,0.000,0.000,0.000,8,00:00:00,0.000,0.000,9.810,0.000,0.000,0.000,20.000,10.000,-45.000
3.86,0.0,0.0,3.840,0,45.054,-122.145,0.000,0.486,-1.317,0.000,0.000,0.000,0.000,0.000,0.000,180.000,3.800,1013.250,25.000,0.000,45.0000000,-122.0000000,0.000,0.000,0.000,0.000,8,00:00:00,0.000,0.000,9.810,0.000,0.000,0.000,20.000,10.000,-45.000
3.9,0.0,0.0,3.880,0,45.073,-122.198,0.000,0.486,-1.317,0.000,0.000,0.000,0.000,0.000,0.000,180.000,3.840,1013.250,25.000,0.000,45.0000000,-122.0000000,0.000,0.000,0.000,0.000,8,00:00:00,0.000,0.000,9.810,0.000,0.000,0.000,20.000,10.000,-45.000
3.94,0.0,0.0,3.920,0,45.058,-122.157,0.000,0.464,-1.257,0.000,0.000,0.000,0.000,0.000,0.000,180.000,3.900,1013.250,25.000,0.000,45.0000000,-122.0000000,0.000,0.000,0.000,0.000,8,00:00:00,0.000,0.000,9.810,0.000,0.000,0.000,20.000,10.000,-45.000
3.98,0.0,0.0,3.960,0,45.048,-122.131,0.000,0.439,-1.191,0.000,0.000,0.000,0.000,0.000,0.000,180.000,3.920,1013.250,25.000,0.000,45.0000000,-122.0000000,0.000,0.000,0.000,0.000,8,00:00:00,0.000,0.000,9.810,0.000,0.000,0.000,20.000,10.000,-45.000
4.02,0.0,0.0,4.000,0,45.066,-122.179,0.000,0.439,-1.191,0.000,0.000,0.000,0.000,0.000,0.000,180.000,3.960,1013.250,25.000,0.000,45.0000000,-122.0000000,0.000,0.000,0.000,0.000,8,00:00:00,0.000,0.000,9.810,0.000,0.000,0.000,20.000,10.000,-45.000
4.06,0.0,0.0,4.040,0,45.052,-122.142,0.000,0.419,-1.137,0.000,0.000,0.000,0.000,0.000,0.000,180.000,4.019,1013.250,25.000,0.000,45.0000000,-122.0000000,0.000,0.000,0.000,0.000,8,00:00:00,0.000,0.000,9.810,0.000,0.000,0.000,20.000,10.000,-45.000
4.1,0.0,0.0,4.080,0,45.044,-122.119,0.000,0.397,-1.077,0.000,0.000,0.000,0.000,0.000,0.000,180.000,4.040,1013.250,25.000,0.000,45.0000000,-122.0000000,0.000,0.000,0.000,0.000,8,00:00:00,0.000,0.000,9.810,0.000,0.000,0.000,20.000,10.000,-45.000
4.14,0.0,0.0,4.120,0,45.060,-122.162,0.000,0.397,-1.077,0.000,0.000,0.000,0.000,0.000,0.000,180.000,4.080,1013.250,25.000,0.000,45.0000000,-122.0000000,0.000,0.000,0.000,0.000,8,00:00:00,0.000,0.000,9.810,0.000,0.000,0.000,20.000,10.000,-45.000
4.18,0.0,0.0,4.160,0,45.047,-122.128,0.000,0.379,-1.028,0.000,0.000,0.000,0.000,0.000,0.000,180.000,4.140,1013.250,25.000,0.000,45.0000000,-122.0000000,0.000,0.000,0.000,0.000,8,00:00:00,0.000,0.000,9.810,0.000,0.000,0.000,20.000,10.000,-45.000
4.22,0.0,0.0,4.200,0,45.040,-122.107,0.000,0.359,-0.974,0.000,0.000,0.000,0.000,0.000,0.000,180.000,4.160,1013.250,25.000,0.000,45.0000000,-122.0000000,0.000,0.000,0.000,0.000,8,00:00:00,0.000,0.000,9.810,0.000,0.000,0.000,20.000,10.000,-45.000
4.26,0.0,0.0,4.240,0,45.054,-122.146,0.000,0.359,-0.974,0.000,0.000,0.000,0.000,0.000,0.000,180.000,4.200,1013.250,25.000,0.000,45.0000000,-122.0000000,0.000,0.000,0.000,0.000,8,00:00:00,0.000,0.000,9.810,0.000,0.000,0.000,20.000,10.000,-45.000
4.3,0.0,0.0,4.280,0,45.043,-122.116,0.000,0.343,-0.930,0.000,0.000,0.000,0.000,0.000,0.000,180.000,4.260,1013.250,25.000,0.000,45.0000000,-122.0000000,0.000,0.000,0.000,0.000,8,00:00:00,0.000,0.000,9.810,0.000,0.000,0.000,20.000,10.000,-45.000
4.34,0.0,0.0,4.320,0,45.036,-122.097,0.000,0.325,-0.881,0.000,0.000,0.000,0.000,0.000,0.000,180.000,4.280,1013.250,25.000,0.000,45.0000000,-122.0000000,0.000,0.000,0.000,0.000,8,00:00:00,0.000,0.000,9.810,0.000,0.000,0.000,20.000,10.000,-45.000
4.38,0.0,0.0,4.360,0,45.049,-122.132,0.000,0.325,-0.881,0.000,0.000,0.000,0.000,0.000,0.000,180.000,4.320,1013.250,25.000,0.000,45.0000000,-122.0000000,0.000,0.000,0.000,0.000,8,00:00:00,0.000,0.000,9.810,0.000,0.000,0.000,20.000,10.000,-45.000
4.42,0.0,0.0,4.400,0,45.039,-122.105,0.000,0.310,-0.841,0.000,0.000,0.000,0.000,0.000,0.000,180.000,4.380,1013.250,25.000,0.000,45.0000000,-122.0000000,0.000,0.000,0.000,0.000,8,00:00:00,0.000,0.000,9.810,0.000,0.000,0.000,20.000,10.000,-45.000
4.46,0.0,0.0,4.440,0,45.032,-122.088,0.000,0.294,-0.796,0.000,0.000,0.000,0.000,0.000,0.000,180.000,4.400,1013.250,25.000,0.000,45.0000000,-122.0000000,0.000,0.000,0.000,0.000,8,00:00:00,0.000,0.000,9.810,0.000,0.000,0.000,20.000,10.000,-45.000
4.5,0.0,0.0,4.480,0,45.044,-122.120,0.000,0.294,-0.796,0.000,0.000,0.000,0.000,0.000,0.000,180.000,4.440,1013.250,25.000,0.000,45.0000000,-122.0000000,0.000,0.000,0.000,0.000,8,00:00:00,0.000,0.000,9.810,0.000,0.000,0.000,20.000,10.000,-45.000
4.54,0.0,0.0,4.520,0,45.035,-122.095,0.000,0.280,-0.760,0.000,0.000,0.000,0.000,0.000,0.000,180.000,4.500,1013.250,25.000,0.000,45.0000000,-122.0000000,0.000,0.000,0.000,0.000,8,00:00:00,0.000,0.000,9.810,0.000,0.000,0.000,20.000,10.000,-45.000
4.58,0.0,0.0,4.560,0,45.029,-122.079,0.000,0.266,-0.720,0.000,0.000,0.000,0.000,0.000,0.000,180.000,4.520,1013.250,25.000,0.000,45.0000000,-122.0000000,0.000,0.000,0.000,0.000,8,00:00:00,0.000,0.000,9.810,0.000,0.000,0.000,20.000,10.000,-45.000
4.62,0.0,0.0,4.600,0,45.040,-122.108,0.000,0.266,-0.720,0.000,0.000,0.000,0.000,0.000,0.000,180.000,4.560,1013.250,25.000,0.000,45.0000000,-122.0000000,0.000,0.000,0.000,0.000,8,00:00:00,0.000,0.000,9.810,0.000,0.000,0.000,20.000,10.000,-45.000
4.66,0.0,0.0,4.640,0,45.032,-122.086,0.000,0.253,-0.687,0.000,0.000,0.000,0.000,0.000,0.000,180.000,4.620,1013.250,25.000,0.000,45.0000000,-122.0000000,0.000,0.000,0.000,0.000,8,00:00:00,0.000,0.000,9.810,0.000,0.000,0.000,20.000,10.000,-45.000
4.7,0.0,0.0,4.680,0,45.026,-122.072,0.000,0.240,-0.651,0.000,0.000,0.000,0.000,0.000,0.000,180.000,4.640,1013.250,25.000,0.000,45.0000000,-122.0000000,0.000,0.000,0.000,0.000,8,00:00:00,0.000,0.000,9.810,0.000,0.000,0.000,20.000,10.000,-45.000
4.74,0.0,0.0,4.720,0,45.036,-122.098,0.000,0.240,-0.651,0.000,0.000,0.000,0.000,0.000,0.000,180.000,4.680,1013.250,25.000,0.000,45.0000000,-122.0000000,0.000,0.000,0.000,0.000,8,00:00:00,0.000,0.000,9.810,0.000,0.000,0.000,20.000,10.000,-45.000
4.78,0.0,0.0,4.760,0,45.029,-122.078,0.000,0.229,-0.621,0.000,0.000,0.000,0.000,0.000,0.000,180.000,4.740,1013.250,25.000,0.000,45.0000000,-122.0000000,0.000,0.000,0.000,0.000,8,00:00:00,0.000,0.000,9.810,0.000,0.000,0.000,20.000,10.000,-45.000
4.82,0.0,0.0,4.800,0,45.024,-122.065,0.000,0.217,-0.588,0.000,0.000,0.000,0.000,0.000,0.000,180.000,4.760,1013.250,25.000,0.000,45.0000000,-122.0000000,0.000,0.000,0.000,0.000,8,00:00:00,0.000,0.000,9.810,0.000,0.000,0.000,20.000,10.000,-45.000
4.86,0.0,0.0,4.840,0,45.033,-122.088,0.000,0.217,-0.588,0.000,0.000,0.000,0.000,0.000,0.000,180.000,4.800,1013.250,25.000,0.000,45.0000000,-122.0000000,0.000,0.000,0.000,0.000,8,00:00:00,0.000,0.000,9.810,0.000,0.000,0.000,20.000,10.000,-45.000
4.9,0.0,0.0,4.880,0,45.026,-122.070,0.000,0.207,-0.562,0.000,0.000,0.000,0.000,0.000,0.000,180.000,4.860,1013.250,25.000,0.000,45.0000000,-122.0000000,0.000,0.000,0.000,0.000,8,00:00:00,0.000,0.000,9.810,0.000,0.000,0.000,20.000,10.000,-45.000
4.94,0.0,0.0,4.920,0,45.022,-122.059,0.000,0.196,-0.532,0.000,0.000,0.000,0.000,0.000,0.000,180.000,4.880,1013.250,25.000,0.000,45.0000000,-122.0000000,0.000,0.000,0.000,0.000,8,00:00:00,0.000,0.000,9.810,0.000,0.000,0.000,20.000,10.000,-45.000
4.98,0.0,0.0,4.960,0,45.029,-122.080,0.000,0.196,-0.532,0.000,0.000,0.000,0.000,0.000,0.000,180.000,4.920,1013.250,25.000,0.000,45.0000000,-122.0000000,0.000,0.000,0.000,0.000,8,00:00:00,0.000,0.000,9.810,0.000,0.000,0.000,20.000,10.000,-45.000
5.02,0.0,0.0,5.000,0,45.023,-122.063,0.000,0.187,-0.508,0.000,0.000,0.000,0.000,0.000,0.000,180.000,4.980,1013.250,25.000,0.000,45.0000000,-122.0000000,0.000,0.000,0.000,0.000,8,00:00:00,0.000,0.000,9.810,0.000,0.000,0.000,20.000,10.000,-45.000
5.06,0.0,0.0,5.040,0,45.020,-122.053,0.000,0.177,-0.481,0.000,0.000,0.000,0.000,0.000,0.000,180.000,5.000,1013.250,25.000,0.000,45.0000000,-122.0000000,0.000,0.000,0.000,0.000,8,00:00:00,0.000,0.000,9.810,0.000,0.000,0.000,20.000,10.000,-45.000
5.1,0.0,0.0,5.080,0,45.027,-122.072,0.000,0.177,-0.481,0.000,0.000,0.000,0.000,0.000,0.000,180.000,5.040,1013.250,25.000,0.000,45.0000000,-122.0000000,0.000,0.000,0.000,0.000,8,00:00:00,0.000,0.000,9.810,0.000,0.000,0.000,20.000,10.000,-45.000
5.14,0.0,0.0,5.120,0,45.021,-122.057,0.000,0.169,-0.459,0.000,0.000,0.000,0.000,0.000,0.000,180.000,5.100,1013.250,25.000,0.000,45.0000000,-122.0000000,0.000,0.000,0.000,0.000,8,00:00:00,0.000,0.000,9.810,0.000,0.000,0.000,20.000,10.000,-45.000
5.18,0.0,0.0,5.160,0,45.018,-122.048,0.000,0.160,-0.435,0.000,0.000,0.000,0.000,0.000,0.000,180.000,5.120,1013.250,25.000,0.000,45.0000000,-122.0000000,0.000,0.000,0.000,0.000,8,00:00:00,0.000,0.000,9.810,0.000,0.000,0.000,20.000,10.000,-45.000
5.22,0.0,0.0,5.200,0,45.024,-122.065,0.000,0.160,-0.435,0.000,0.000,0.000,0.000,0.000,0.000,180.000,5.160,1013.250,25.000,0.000,45.0000000,-122.0000000,0.000,0.000,0.000,0.000,8,00:00:00,0.000,0.000,9.810,0.000,0.000,0.000,20.000,10.000,-45.000
5.26,0.0,0.0,5.240,0,45.019,-122.052,0.000,0.153,-0.415,0.000,0.000,0.000,0.000,0.000,0.000,180.000,5.220,1013.250,25.000,0.000,45.0000000,-122.0000000,0.000,0.000,0.000,0.000,8,00:00:00,0.000,0.000,9.810,0.000,0.000,0.000,20.000,10.000,-45.000
5.3,0.0,0.0,5.280,0,45.016,-122.043,0.000,0.145,-0.393,0.000,0.000,0.000,0.000,0.000,0.000,180.000,5.240,1013.250,25.000,0.000,45.0000000,-122.0000000,0.000,0.000,0.000,0.000,8,00:00:00,0.000,0.000,9.810,0.000,0.000,0.000,20.000,10.000,-45.000
5.34,0.0,0.0,5.320,0,45.022,-122.059,0.000,0.145,-0.393,0.000,0.000,0.000,0.000,0.000,0.000,180.000,5.280,1013.250,25.000,0.000,45.0000000,-122.0000000,0.000,0.000,0.000,0.000,8,00:00:00,0.000,0.000,9.810,0.000,0.000,0.000,20.000,10.000,-45.000
5.38,0.0,0.0,5.360,0,45.017,-122.047,0.000,0.138,-0.375,0.000,0.000,0.000,0.000,0.000,0.000,180.000,5.340,1013.250,25.000,0.000,45.0000000,-122.0000000,0.000,0.000,0.000,0.000,8,00:00:00,0.000,0.000,9.810,0.000,0.000,0.000,20.000,10.000,-45.000
5.42,0.0,0.0,5.400,0,45.014,-122.039,0.000,0.131,-0.355,0.000,0.000,0.000,0.000,0.000,0.000,180.000,5.360,1013.250,25.000,0.000,45.0000000,-122.0000000,0.000,0.000,0.000,0.000,8,00:00:00,0.000,0.000,9.810,0.000,0.000,0.000,20.000,10.000,-45.000
5.46,0.0,0.0,5.440,0,45.020,-122.053,0.000,0.131,-0.355,0.000,0.000,0.000,0.000,0.000,0.000,180.000,5.400,1013.250,25.000,0.000,45.0000000,-122.0000000,0.000,0.000,0.000,0.000,8,00:00:00,0.000,0.000,9.810,0.000,0.000,0.000,20.000,10.000,-45.000
5.5,0.0,0.0,5.480,0,45.016,-122.042,0.000,0.125,-0.339,0.000,0.000,0.000,0.000,0.000,0.000,180.000,5.460,1013.250,25.000,0.000,45.0000000,-122.0000000,0.000,0.000,0.000,0.000,8,00:00:00,0.000,0.000,9.810,0.000,0.000,0.000,20.000,10.000,-45.000
5.54,0.0,0.0,5.520,0,45.013,-122.035,0.000,0.119,-0.321,0.000,0.000,0.000,0.000,0.000,0.000,180.000,5.480,1013.250,25.000,0.000,45.0000000,-122.0000000,0.000,0.000,0.000,0.000,8,00:00:00,0.000,0.000,9.810,0.000,0.000,0.000,20.000,10.000,-45.000
5.58,0.0,0.0,5.560,0,45.018,-122.048,0.000,0.119,-0.321,0.000,0.000,0.000,0.000,0.000,0.000,180.000,5.520,1013.250,25.000,0.000,45.0000000,-122.0000000,0.000,0.000,0.000,0.000,8,00:00:00,0.000,0.000,9.810,0.000,0.000,0.000,20.000,10.000,-45.000
5.62,0.0,0.0,5.600,0,45.014,-122.038,0.000,0.113,-0.307,0.000,0.000,0.000,0.000,0.000,0.000,180.000,5.580,1013.250,25.000,0.000,45.0000000,-122.0000000,0.000,0.000,0.000,0.000,8,00:00:00,0.000,0.000,9.810,0.000,0.000,0.000,20.000,10.000,-45.000
5.66,0.0,0.0,5.640,0,45.012,-122.032,0.000,0.107,-0.290,0.000,0.000,0.000,0.000,0.000,0.000,180.000,5.600,1013.250,25.000,0.000,45.0000000,-122.0000000,0.000,0.000,0.000,0.000,8,00:00:00,0.000,0.000,9.810,0.000,0.000,0.000,20.000,10.000,-45.000
5.7,0.0,0.0,5.680,0,45.016,-122.044,0.000,0.107,-0.290,0.000,0.000,0.000,0.000,0.000,0.000,180.000,5.640,1013.250,25.000,0.000,45.0000000,-122.0000000,0.000,0.000,0.000,0.000,8,00:00:00,0.000,0.000,9.810,0.000,0.000,0.000,20.000,10.000,-45.000
5.74,0.0,0.0,5.720,0,45.013,-122.035,0.000,0.102,-0.277,0.000,0.000,0.000,0.000,0.000,0.000,180.000,5.700,1013.250,25.000,0.000,45.0000000,-122.0000000,0.000,0.000,0.000,0.000,8,00:00:00,0.000,0.000,9.810,0.000,0.000,0.000,20.000,10.000,-45.000
5.78,0.0,0.0,5.760,0,45.011,-122.029,0.000,0.097,-0.263,0.000,0.000,0.000,0.000,0.000,0.000,180.000,5.720,1013.250,25.000,0.000,45.0000000,-122.0000000,0.000,0.000,0.000,0.000,8,00:00:00,0.000,0.000,9.810,0.000,0.000,0.000,20.000,10.000,-45.000
5.82,0.0,0.0,5.800,0,45.015,-122.039,0.000,0.097,-0.263,0.000,0.000,0.000,0.000,0.000,0.000,180.000,5.760,1013.250,25.000,0.000,45.0000000,-122.0000000,0.000,0.000,0.000,0.000,8,00:00:00,0.000,0.000,9.810,0.000,0.000,0.000,20.000,10.000,-45.000
5.86,0.0,0.0,5.840,0,45.012,-122.031,0.000,0.092,-0.251,0.000,0.000,0.000,0.000,0.000,0.000,180.000,5.820,1013.250,25.000,0.000,45.0000000,-122.0000000,0.000,0.000,0.000,0.000,8,00:00:00,0.000,0.000,9.810,0.000,0.000,0.000,20.000,10.000,-45.000
5.9,0.0,0.0,5.880,0,45.010,-122.026,0.000,0.088,-0.237,0.000,0.000,0.000,0.000,0.000,0.000,180.000,5.840,1013.250,25.000,0.000,45.0000000,-122.0000000,0.000,0.000,0.000,0.000,8,00:00:00,0.000,0.000,9.810,0.000,0.000,0.000,20.000,10.000,-45.000
5.94,0.0,0.0,5.920,0,45.013,-122.036,0.000,0.088,-0.237,0.000,0.000,0.000,0.000,0.000,0.000,180.000,5.880,1013.250,25.000,0.000,45.0000000,-122.0000000,0.000,0.000,0.000,0.000,8,00:00:00,0.000,0.000,9.810,0.000,0.000,0.000,20.000,10.000,-45.000
5.98,0.0,0.0,5.960,0,45.010,-122.028,0.000,0.084,-0.227,0.000,0.000,0.000,0.000,0.000,0.000,180.000,5.940,1013.250,25.000,0.000,45.0000000,-122.0000000,0.000,0.000,0.000,0.000,8,00:00:00,0.000,0.000,9.810,0.000,0.000,0.000,20.000,10.000,-45.000
6.02,0.0,0.0,6.000,0,45.009,-122.024,0.000,0.079,-0.215,0.000,0.000,0.000,0.000,0.000,0.000,180.000,5.960,1013.250,25.000,0.000,45.0000000,-122.0000000,0.000,0.000,0.000,0.000,8,00:00:00,0.000,0.000,9.810,0.000,0.000,0.000,20.000,10.000,-45.000
6.06,0.0,0.0,6.040,0,45.012,-122.032,0.000,0.079,-0.215,0.000,0.000,0.000,0.000,0.000,0.000,180.000,6.000,1013.250,25.000,0.000,45.0000000,-122.0000000,0.000,0.000,0.000,0.000,8,00:00:00,0.000,0.000,9.810,0.000,0.000,0.000,20.000,10.000,-45.000
6.1,0.0,0.0,6.080,0,45.009,-122.026,0.000,0.076,-0.205,0.000,0.000,0.000,0.000,0.000,0.000,180.000,6.060,1013.250,25.000,0.000,45.0000000,-122.0000000,0.000,0.000,0.000,0.000,8,00:00:00,0.000,0.000,9.810,0.000,0.000,0.000,20.000,10.000,-45.000
6.14,0.0,0.0,6.120,0,45.008,-122.021,0.000,0.072,-0.194,0.000,0.000,0.000,0.000,0.000,0.000,180.000,6.080,1013.250,25.000,0.000,45.0000000,-122.0000000,0.000,0.000,0.000,0.000,8,00:00:00,0.000,0.000,9.810,0.000,0.000,0.000,20.000,10.000,-45.000
6.18,0.0,0.0,6.160,0,45.011,-122.029,0.000,0.072,-0.194,0.000,0.000,0.000,0.000,0.000,0.000,180.000,6.120,1013.250,25.000,0.000,45.0000000,-122.0000000,0.000,0.000,0.000,0.000,8,00:00:00,0.000,0.000,9.810,0.000,0.000,0.000,20.000,10.000,-45.000
6.22,0.0,0.0,6.200,0,45.009,-122.023,0.000,0.068,-0.185,0.000,0.000,0.000,0.000,0.000,0.000,180.000,6.180,1013.250,25.000,0.000,45.0000000,-122.0000000,0.000,0.000,0.000,0.000,8,00:00:00,0.000,0.000,9.810,0.000,0.000,0.000,20.000,10.000,-45.000
6.26,0.0,0.0,6.240,0,45.007,-122.019,0.000,0.065,-0.175,0.000,0.000,0.000,0.000,0.000,0.000,180.000,6.200,1013.250,25.000,0.000,45.0000000,-122.0000000,0.000,0.000,0.000,0.000,8,00:00:00,0.000,0.000,9.810,0.000,0.000,0.000,20.000,10.000,-45.000
6.3,0.0,0.0,6.280,0,45.010,-122.026,0.000,0.065,-0.175,0.000,0.000,0.000,0.000,0.000,0.000,180.000,6.240,1013.250,25.000,0.000,45.0000000,-122.0000000,0.000,0.000,0.000,0.000,8,00:00:00,0.000,0.000,9.810,0.000,0.000,0.000,20.000,10.000,-45.000
6.34,0.0,0.0,6.320,0,45.008,-122.021,0.000,0.062,-0.167,0.000,0.000,0.000,0.000,0.000,0.000,180.000,6.300,1013.250,25.000,0.000,45.0000000,-122.0000000,0.000,0.000,0.000,0.000,8,00:00:00,0.000,0.000,9.810,0.000,0.000,0.000,20.000,10.000,-45.000
6.38,0.0,0.0,6.360,0,45.006,-122.017,0.000,0.058,-0.159,0.000,0.000,0.000,0.000,0.000,0.000,180.000,6.320,1013.250,25.000,0.000,45.0000000,-122.0000000,0.000,0.000,0.000,0.000,8,00:00:00,0.000,0.000,9.810,0.000,0.000,0.000,20.000,10.000,-45.000
6.42,0.0,0.0,6.400,0,45.009,-122.024,0.000,0.058,-0.159,0.000,0.000,0.000,0.000,0.000,0.000,180.000,6.360,1013.250,25.000,0.000,45.0000000,-122.0000000,0.000,0.000,0.000,0.000,8,00:00:00,0.000,0.000,9.810,0.000,0.000,0.000,20.000,10.000,-45.000
6.46,0.0,0.0,6.440,0,45.007,-122.019,0.000,0.056,-0.151,0.000,0.000,0.000,0.000,0.000,0.000,180.000,6.420,1013.250,25.000,0.000,45.0000000,-122.0000000,0.000,0.000,0.000,0.000,8,00:00:00,0.000,0.000,9.810,0.000,0.000,0.000,20.000,10.000,-45.000
6.5,0.0,0.0,6.480,0,45.006,-122.016,0.000,0.053,-0.143,0.000,0.000,0.000,0.000,0.000,0.000,180.000,6.440,1013.250,25.000,0.000,45.0000000,-122.0000000,0.000,0.000,0.000,0.000,8,00:00:00,0.000,0.000,9.810,0.000,0.000,0.000,20.000,10.000,-45.000
6.54,0.0,0.0,6.520,0,45.008,-122.022,0.000,0.053,-0.143,0.000,0.000,0.000,0.000,0.000,0.000,180.000,6.480,1013.250,25.000,0.000,45.0000000,-122.0000000,0.000,0.000,0.000,0.000,8,00:00:00,0.000,0.000,9.810,0.000,0.000,0.000,20.000,10.000,-45.000
6.58,0.0,0.0,6.560,0,45.006,-122.017,0.000,0.050,-0.137,0.000,0.000,0.000,0.000,0.000,0.000,180.000,6.540,1013.250,25.000,0.000,45.0000000,-122.0000000,0.000,0.000,0.000,0.000,8,00:00:00,0.000,0.000,9.810,0.000,0.000,0.000,20.000,10.000,-45.000
6.62,0.0,0.0,6.600,0,45.005,-122.014,0.000,0.048,-0.130,0.000,0.000,0.000,0.000,0.000,0.000,180.000,6.560,1013.250,25.000,0.000,45.0000000,-122.0000000,0.000,0.000,0.000,0.000,8,00:00:00,0.000,0.000,9.810,0.000,0.000,0.000,20.000,10.000,-45.000
6.66,0.0,0.0,6.640,0,45.007,-122.019,0.000,0.048,-0.130,0.000,0.000,0.000,0.000,0.000,0.000,180.000,6.600,1013.250,25.000,0.000,45.0000000,-122.0000000,0.000,0.000,0.000,0.000,8,00:00:00,0.000,0.000,9.810,0.000,0.000,0.000,20.000,10.000,-45.000
6.7,0.0,0.0,6.680,0,45.006,-122.015,0.000,0.046,-0.124,0.000,0.000,0.000,0.000,0.000,0.000,180.000,6.660,1013.250,25.000,0.000,45.0000000,-122.0000000,0.000,0.000,0.000,0.000,8,00:00:00,0.000,0.000,9.810,0.000,0.000,0.000,20.000,10.000,-45.000
6.74,0.0,0.0,6.720,0,45.005,-122.013,0.000,0.043,-0.117,0.000,0.000,0.000,0.000,0.000,0.000,180.000,6.680,1013.250,25.000,0.000,45.0000000,-122.0000000,0.000,0.000,0.000,0.000,8,00:00:00,0.000,0.000,9.810,0.000,0.000,0.000,20.000,10.000,-45.000
6.78,0.0,0.0,6.760,0,45.006,-122.018,0.000,0.043,-0.117,0.000,0.000,0.000,0.000,0.000,0.000,180.000,6.720,1013.250,25.000,0.000,45.0000000,-122.0000000,0.000,0.000,0.000,0.000,8,00:00:00,0.000,0.000,9.810,0.000,0.000,0.000,20.000,10.000,-45.000
6.82,0.0,0.0,6.800,0,45.005,-122.014,0.000,0.041,-0.112,0.000,0.000,0.000,0.000,0.000,0.000,180.000,6.780,1013.250,25.000,0.000,45.0000000,-122.0000000,0.000,0.000,0.000,0.000,8,00:00:00,0.000,0.000,9.810,0.000,0.000,0.000,20.000,10.000,-45.000
6.86,0.0,0.0,6.840,0,45.004,-122.012,0.000,0.039,-0.106,0.000,0.000,0.000,0.000,0.000,0.000,180.000,6.800,1013.250,25.000,0.000,45.0000000,-122.0000000,0.000,0.000,0.000,0.000,8,00:00:00,0.000,0.000,9.810,0.000,0.000,0.000,20.000,10.000,-45.000
6.9,0.0,0.0,6.880,0,45.006,-122.016,0.000,0.039,-0.106,0.000,0.000,0.000,0.000,0.000,0.000,180.000,6.840,1013.250,25.000,0.000,45.0000000,-122.0000000,0.000,0.000,0.000,0.000,8,00:00:00,0.000,0.000,9.810,0.000,0.000,0.000,20.000,10.000,-45.000
6.94,0.0,0.0,6.920,0,45.005,-122.013,0.000,0.037,-0.101,0.000,0.000,0.000,0.000,0.000,0.000,180.000,6.900,1013.250,25.000,0.000,45.0000000,-122.0000000,0.000,0.000,0.000,0.000,8,00:00:00,0.000,0.000,9.810,0.000,0.000,0.000,20.000,10.000,-45.000
6.98,0.0,0.0,6.960,0,45.004,-122.011,0.000,0.035,-0.096,0.000,0.000,0.000,0.000,0.000,0.000,180.000,6.920,1013.250,25.000,0.000,45.0000000,-122.0000000,0.000,0.000,0.000,0.000,8,00:00:00,0.000,0.000,9.810,0.000,0.000,0.000,20.000,10.000,-45.000
7.02,0.0,0.0,7.000,0,45.005,-122.014,0.000,0.035,-0.096,0.000,0.000,0.000,0.000,0.000,0.000,180.000,6.960,1013.250,25.000,0.000,45.0000000,-122.0000000,0.000,0.000,0.000,0.000,8,00:00:00,0.000,0.000,9.810,0.000,0.000,0.000,20.000,10.000,-45.000
7.06,0.0,0.0,7.040,0,45.004,-122.011,0.000,0.034,-0.091,0.000,0.000,0.000,0.000,0.000,0.000,180.000,7.020,1013.250,25.000,0.000,45.0000000,-122.0000000,0.000,0.000,0.000,0.000,8,00:00:00,0.000,0.000,9.810,0.000,0.000,0.000,20.000,10.000,-45.000
7.1,0.0,0.0,7.080,0,45.004,-122.010,0.000,0.032,-0.087,0.000,0.000,0.000,0.000,0.000,0.000,180.000,7.040,1013.250,25.000,0.000,45.0000000,-122.0000000,0.000,0.000,0.000,0.000,8,00:00:00,0.000,0.000,9.810,0.000,0.000,0.000,20.000,10.000,-45.000
7.14,0.0,0.0,7.120,0,45.005,-122.013,0.000,0.032,-0.087,0.000,0.000,0.000,0.000,0.000,0.000,180.000,7.080,1013.250,25.000,0.000,45.0000000,-122.0000000,0.000,0.000,0.000,0.000,8,00:00:00,0.000,0.000,9.810,0.000,0.000,0.000,20.000,10.000,-45.000
7.18,0.0,0.0,7.160,0,45.004,-122.010,0.000,0.030,-0.083,0.000,0.000,0.000,0.000,0.000,0.000,180.000,7.140,1013.250,25.000,0.000,45.0000000,-122.0000000,0.000,0.000,0.000,0.000,8,00:00:00,0.000,0.000,9.810,0.000,0.000,0.000,20.000,10.000,-45.000
7.22,0.0,0.0,7.200,0,45.003,-122.009,0.000,0.029,-0.078,0.000,0.000,0.000,0.000,0.000,0.000,180.000,7.160,1013.250,25.000,0.000,45.0000000,-122.0000000,0.000,0.000,0.000,0.000,8,00:00:00,0.000,0.000,9.810,0.000,0.000,0.000,20.000,10.000,-45.000
7.26,0.0,0.0,7.240,0,45.004,-122.012,0.000,0.029,-0.078,0.000,0.000,0.000,0.000,0.000,0.000,180.000,7.200,1013.250,25.000,0.000,45.0000000,-122.0000000,0.000,0.000,0.000,0.000,8,00:00:00,0.000,0.000,9.810,0.000,0.000,0.000,20.000,10.000,-45.000
7.3,0.0,0.0,7.280,0,45.003,-122.009,0.000,0.028,-0.075,0.000,0.000,0.000,0.000,0.000,0.000,180.000,7.260,1013.250,25.000,0.000,45.0000000,-122.0000000,0.000,0.000,0.000,0.000,8,00:00:00,0.000,0.000,9.810,0.000,0.000,0.000,20.000,10.000,-45.000
7.34,0.0,0.0,7.320,0,45.003,-122.008,0.000,0.026,-0.071,0.000,0.000,0.000,0.000,0.000,0.000,180.000,7.280,1013.250,25.000,0.000,45.0000000,-122.0000000,0.000,0.000,0.000,0.000,8,00:00:00,0.000,0.000,9.810,0.000,0.000,0.000,20.000,10.000,-45.000
7.38,0.0,0.0,7.360,0,45.004,-122.011,0.000,0.026,-0.071,0.000,0.000,0.000,0.000,0.000,0.000,180.000,7.320,1013.250,25.000,0.000,45.0000000,-122.0000000,0.000,0.000,0.000,0.000,8,00:00:00,0.000,0.000,9.810,0.000,0.000,0.000,20.000,10.000,-45.000
7.42,0.0,0.0,7.400,0,45.003,-122.008,0.000,0.025,-0.068,0.000,0.000,0.000,0.000,0.000,0.000,180.000,7.380,1013.250,25.000,0.000,45.0000000,-122.0000000,0.000,0.000,0.000,0.000,8,00:00:00,0.000,0.000,9.810,0.000,0.000,0.000,20.000,10.000,-45.000
7.46,0.0,0.0,7.440,0,45.003,-122.007,0.000,0.024,-0.064,0.000,0.000,0.000,0.000,0.000,0.000,180.000,7.400,1013.250,25.000,0.000,45.0000000,-122.0000000,0.000,0.000,0.000,0.000,8,00:00:00,0.000,0.000,9.810,0.000,0.000,0.000,20.000,10.000,-45.000
7.5,0.0,0.0,7.480,0,45.004,-122.010,0.000,0.024,-0.064,0.000,0.000,0.000,0.000,0.000,0.000,180.000,7.440,1013.250,25.000,0.000,45.0000000,-122.0000000,0.000,0.000,0.000,0.000,8,00:00:00,0.000,0.000,9.810,0.000,0.000,0.000,20.000,10.000,-45.000
7.54,0.0,0.0,7.520,0,45.003,-122.008,0.000,0.023,-0.061,0.000,0.000,0.000,0.000,0.000,0.000,180.000,7.500,1013.250,25.000,0.000,45.0000000,-122.0000000,0.000,0.000,0.000,0.000,8,00:00:00,0.000,0.000,9.810,0.000,0.000,0.000,20.000,10.000,-45.000
7.58,0.0,0.0,7.560,0,45.002,-122.006,0.000,0.021,-0.058,0.000,0.000,0.000,0.000,0.000,0.000,180.000,7.520,1013.250,25.000,0.000,45.0000000,-122.0000000,0.000,0.000,0.000,0.000,8,00:00:00,0.000,0.000,9.810,0.000,0.000,0.000,20.000,10.000,-45.000
7.62,0.0,0.0,7.600,0,45.003,-122.009,0.000,0.021,-0.058,0.000,0.000,0.000,0.000,0.000,0.000,180.000,7.560,1013.250,25.000,0.000,45.0000000,-122.0000000,0.000,0.000,0.000,0.000,8,00:00:00,0.000,0.000,9.810,0.000,0.000,0.000,20.000,10.000,-45.000
7.66,0.0,0.0,7.640,0,45.003,-122.007,0.000,0.020,-0.055,0.000,0.000,0.000,0.000,0.000,0.000,180.000,7.620,1013.250,25.000,0.000,45.0000000,-122.0000000,0.000,0.000,0.000,0.000,8,00:00:00,0.000,0.000,9.810,0.000,0.000,0.000,20.000,10.000,-45.000
7.7,0.0,0.0,7.680,0,45.002,-122.006,0.000,0.019,-0.052,0.000,0.000,0.000,0.000,0.000,0.000,180.000,7.640,1013.250,25.000,0.000,45.0000000,-122.0000000,0.000,0.000,0.000,0.000,8,00:00:00,0.000,0.000,9.810,0.000,0.000,0.000,20.000,10.000,-45.000
7.74,0.0,0.0,7.720,0,45.003,-122.008,0.000,0.019,-0.052,0.000,0.000,0.000,0.000,0.000,0.000,180.000,7.680,1013.250,25.000,0.000,45.0000000,-122.0000000,0.000,0.000,0.000,0.000,8,00:00:00,0.000,0.000,9.810,0.000,0.000,0.000,20.000,10.000,-45.000
7.78,0.0,0.0,7.760,0,45.002,-122.006,0.000,0.018,-0.050,0.000,0.000,0.000,0.000,0.000,0.000,180.000,7.740,1013.250,25.000,0.000,45.0000000,-122.0000000,0.000,0.000,0.000,0.000,8,00:00:00,0.000,0.000,9.810,0.000,0.000,0.000,20.000,10.000,-45.000
7.82,0.0,0.0,7.800,0,45.002,-122.005,0.000,0.017,-0.047,0.000,0.000,0.000,0.000,0.000,0.000,180.000,7.760,1013.250,25.000,0.000,45.0000000,-122.0000000,0.000,0.000,0.000,0.000,8,00:00:00,0.000,0.000,9.810,0.000,0.000,0.000,20.000,10.000,-45.000
7.86,0.0,0.0,7.840,0,45.003,-122.007,0.000,0.017,-0.047,0.000,0.000,0.000,0.000,0.000,0.000,180.000,7.800,1013.250,25.000,0.000,45.0000000,-122.0000000,0.000,0.000,0.000,0.000,8,00:00:00,0.000,0.000,9.810,0.000,0.000,0.000,20.000,10.000,-45.000
7.9,0.0,0.0,7.880,0,45.002,-122.006,0.000,0.017,-0.045,0.000,0.000,0.000,0.000,0.000,0.000,180.000,7.860,1013.250,25.000,0.000,45.0000000,-122.0000000,0.000,0.000,0.000,0.000,8,00:00:00,0.000,0.000,9.810,0.000,0.000,0.000,20.000,10.000,-45.000
7.94,0.0,0.0,7.920,0,45.002,-122.005,0.000,0.016,-0.043,0.000,0.000,0.000,0.000,0.000,0.000,180.000,7.880,1013.250,25.000,0.000,45.0000000,-122.0000000,0.000,0.000,0.000,0.000,8,00:00:00,0.000,0.000,9.810,0.000,0.000,0.000,20.000,10.000,-45.000
7.98,0.0,0.0,7.960,0,45.002,-122.006,0.000,0.016,-0.043,0.000,0.000,0.000,0.000,0.000,0.000,180.000,7.920,1013.250,25.000,0.000,45.0000000,-122.0000000,0.000,0.000,0.000,0.000,8,00:00:00,0.000,0.000,9.810,0.000,0.000,0.000,20.000,10.000,-45.000
8.02,0.0,0.0,8.000,0,45.002,-122.005,0.000,0.015,-0.041,0.000,0.000,0.000,0.000,0.000,0.000,180.000,7.980,1013.250,25.000,0.000,45.0000000,-122.0000000,0.000,0.000,0.000,0.000,8,00:00:00,0.000,0.000,9.810,0.000,0.000,0.000,20.000,10.000,-45.000
8.06,0.0,0.0,8.040,0,45.002,-122.004,0.000,0.014,-0.039,0.000,0.000,0.000,0.000,0.000,0.000,180.000,8.000,1013.250,25.000,0.000,45.0000000,-122.0000000,0.000,0.000,0.000,0.000,8,00:00:00,0.000,0.000,9.810,0.000,0.000,0.000,20.000,10.000,-45.000
8.06,0.0,0.0,8.040,0,45.002,-122.004,0.000,0.014,-0.039,0.000,0.000,0.000,0.000,0.000,0.000,180.000,8.000,1013.250,25.000,0.000,45.0000000,-122.0000000,0.000,0.000,0.000,0.000,8,00:00:00,0.000,0.000,9.810,0.000,0.000,0.000,20.000,10.000,-45.000
8.12,0.0,0.0,8.100,0,45.001,-122.004,0.000,0.014,-0.037,0.000,0.000,0.000,0.000,0.000,0.000,180.000,8.039,1013.250,25.000,0.000,45.0000000,-122.0000000,0.000,0.000,0.000,0.000,8,00:00:00,0.000,0.000,9.810,0.000,0.000,0.000,20.000,10.000,-45.000
8.16,0.0,0.0,8.120,0,45.002,-122.005,0.000,0.014,-0.037,0.000,0.000,0.000,0.000,0.000,0.000,180.000,8.100,1013.250,25.000,0.000,45.0000000,-122.0000000,0.000,0.000,0.000,0.000,8,00:00:00,0.000,0.000,9.810,0.000,0.000,0.000,20.000,10.000,-45.000
8.2,0.0,0.0,8.160,0,45.001,-122.004,0.000,0.013,-0.035,0.000,0.000,0.000,0.000,0.000,0.000,180.000,8.119,1013.250,25.000,0.000,45.0000000,-122.0000000,0.000,0.000,0.000,0.000,8,00:00:00,0.000,0.000,9.810,0.000,0.000,0.000,20.000,10.000,-45.000
8.24,0.0,0.0,8.220,0,45.001,-122.003,0.000,0.012,-0.033,0.000,0.000,0.000,0.000,0.000,0.000,180.000,8.160,1013.250,25.000,0.000,45.0000000,-122.0000000,0.000,0.000,0.000,0.000,8,00:00:00,0.000,0.000,9.810,0.000,0.000,0.000,20.000,10.000,-45.000
8.28,0.0,0.0,8.240,0,45.002,-122.004,0.000,0.012,-0.033,0.000,0.000,0.000,0.000,0.000,0.000,180.000,8.220,1013.250,25.000,0.000,45.0000000,-122.0000000,0.000,0.000,0.000,0.000,8,00:00:00,0.000,0.000,9.810,0.000,0.000,0.000,20.000,10.000,-45.000
8.32,0.0,0.0,8.280,0,45.001,-122.003,0.000,0.012,-0.032,0.000,0.000,0.000,0.000,0.000,0.000,180.000,8.240,1013.250,25.000,0.000,45.0000000,-122.0000000,0.000,0.000,0.000,0.000,8,00:00:00,0.000,0.000,9.810,0.000,0.000,0.000,20.000,10.000,-45.000
8.36,0.0,0.0,8.340,0,45.001,-122.003,0.000,0.011,-0.030,0.000,0.000,0.000,0.000,0.000,0.000,180.000,8.280,1013.250,25.000,0.000,45.0000000,-122.0000000,0.000,0.000,0.000,0.000,8,00:00:00,0.000,0.000,9.810,0.000,0.000,0.000,20.000,10.000,-45.000
8.4,0.0,0.0,8.360,0,45.001,-122.004,0.000,0.011,-0.030,0.000,0.000,0.000,0.000,0.000,0.000,180.000,8.340,1013.250,25.000,0.000,45.0000000,-122.0000000,0.000,0.000,0.000,0.000,8,00:00:00,0.000,0.000,9.810,0.000,0.000,0.000,20.000,10.000,-45.000
8.44,0.0,0.0,8.400,0,45.001,-122.003,0.000,0.011,-0.029,0.000,0.000,0.000,0.000,0.000,0.000,180.000,8.360,1013.250,25.000,0.000,45.0000000,-122.0000000,0.000,0.000,0.000,0.000,8,00:00:00,0.000,0.000,9.810,0.000,0.000,0.000,20.000,10.000,-45.000
8.48,0.0,0.0,8.460,0,45.001,-122.003,0.000,0.010,-0.027,0.000,0.000,0.000,0.000,0.000,0.000,180.000,8.400,1013.250,25.000,0.000,45.0000000,-122.0000000,0.000,0.000,0.000,0.000,8,00:00:00,0.000,0.000,9.810,0.000,0.000,0.000,20.000,10.000,-45.000
8.52,0.0,0.0,8.480,0,45.001,-122.003,0.000,0.010,-0.027,0.000,0.000,0.000,0.000,0.000,0.000,180.000,8.460,1013.250,25.000,0.000,45.0000000,-122.0000000,0.000,0.000,0.000,0.000,8,00:00:00,0.000,0.000,9.810,0.000,0.000,0.000,20.000,10.000,-45.000
8.56,0.0,0.0,8.520,0,45.001,-122.003,0.000,0.010,-0.026,0.000,0.000,0.000,0.000,0.000,0.000,180.000,8.480,1013.250,25.000,0.000,45.0000000,-122.0000000,0.000,0.000,0.000,0.000,8,00:00:00,0.000,0.000,9.810,0.000,0.000,0.000,20.000,10.000,-45.000
8.6,0.0,0.0,8.580,0,45.001,-122.003,0.000,0.009,-0.025,0.000,0.000,0.000,0.000,0.000,0.000,180.000,8.520,1013.250,25.000,0.000,45.0000000,-122.0000000,0.000,0.000,0.000,0.000,8,00:00:00,0.000,0.000,9.810,0.000,0.000,0.000,20.000,10.000,-45.000
8.64,0.0,0.0,8.600,0,45.001,-122.003,0.000,0.009,-0.025,0.000,0.000,0.000,0.000,0.000,0.000,180.000,8.580,1013.250,25.000,0.000,45.0000000,-122.0000000,0.000,0.000,0.000,0.000,8,00:00:00,0.000,0.000,9.810,0.000,0.000,0.000,20.000,10.000,-45.000
8.68,0.0,0.0,8.640,0,45.001,-122.003,0.000,0.009,-0.023,0.000,0.000,0.000,0.000,0.000,0.000,180.000,8.600,1013.250,25.000,0.000,45.0000000,-122.0000000,0.000,0.000,0.000,0.000,8,00:00:00,0.000,0.000,9.810,0.000,0.000,0.000,20.000,10.000,-45.000
8.72,0.0,0.0,8.700,0,45.001,-122.002,0.000,0.008,-0.022,0.000,0.000,0.000,0.000,0.000,0.000,180.000,8.640,1013.250,25.000,0.000,45.0000000,-122.0000000,0.000,0.000,0.000,0.000,8,00:00:00,0.000,0.000,9.810,0.000,0.000,0.000,20.000,10.000,-45.000
8.76,0.0,0.0,8.720,0,45.001,-122.003,0.000,0.008,-0.022,0.000,0.000,0.000,0.000,0.000,0.000,180.000,8.700,1013.250,25.000,0.000,45.0000000,-122.0000000,0.000,0.000,0.000,0.000,8,00:00:00,0.000,0.000,9.810,0.000,0.000,0.000,20.000,10.000,-45.000
8.8,0.0,0.0,8.760,0,45.001,-122.002,0.000,0.008,-0.021,0.000,0.000,0.000,0.000,0.000,0.000,180.000,8.720,1013.250,25.000,0.000,45.0000000,-122.0000000,0.000,0.000,0.000,0.000,8,00:00:00,0.000,0.000,9.810,0.000,0.000,0.000,20.000,10.000,-45.000
8.84,0.0,0.0,8.820,0,45.001,-122.002,0.000,0.007,-0.020,0.000,0.000,0.000,0.000,0.000,0.000,180.000,8.760,1013.250,25.000,0.000,45.0000000,-122.0000000,0.000,0.000,0.000,0.000,8,00:00:00,0.000,0.000,9.810,0.000,0.000,0.000,20.000,10.000,-45.000
8.88,0.0,0.0,8.840,0,45.001,-122.003,0.000,0.007,-0.020,0.000,0.000,0.000,0.000,0.000,0.000,180.000,8.820,1013.250,25.000,0.000,45.0000000,-122.0000000,0.000,0.000,0.000,0.000,8,00:00:00,0.000,0.000,9.810,0.000,0.000,0.000,20.000,10.000,-45.000
8.92,0.0,0.0,8.880,0,45.001,-122.002,0.000,0.007,-0.019,0.000,0.000,0.000,0.000,0.000,0.000,180.000,8.840,1013.250,25.000,0.000,45.0000000,-122.0000000,0.000,0.000,0.000,0.000,8,00:00:00,0.000,0.000,9.810,0.000,0.000,0.000,20.000,10.000,-45.000
8.96,0.0,0.0,8.940,0,45.001,-122.002,0.000,0.007,-0.018,0.000,0.000,0.000,0.000,0.000,0.000,180.000,8.880,1013.250,25.000,0.000,45.0000000,-122.0000000,0.000,0.000,0.000,0.000,8,00:00:00,0.000,0.000,9.810,0.000,0.000,0.000,20.000,10.000,-45.000
9.0,0.0,0.0,8.960,0,45.001,-122.002,0.000,0.007,-0.018,0.000,0.000,0.000,0.000,0.000,0.000,180.000,8.940,1013.250,25.000,0.000,45.0000000,-122.0000000,0.000,0.000,0.000,0.000,8,00:00:00,0.000,0.000,9.810,0.000,0.000,0.000,20.000,10.000,-45.000
9.04,0.0,0.0,9.000,0,45.001,-122.002,0.000,0.006,-0.017,0.000,0.000,0.000,0.000,0.000,0.000,180.000,8.960,1013.250,25.000,0.000,45.0000000,-122.0000000,0.000,0.000,0.000,0.000,8,00:00:00,0.000,0.000,9.810,0.000,0.000,0.000,20.000,10.000,-45.000
9.08,0.0,0.0,9.060,0,45.001,-122.002,0.000,0.006,-0.016,0.000,0.000,0.000,0.000,0.000,0.000,180.000,9.000,1013.250,25.000,0.000,45.0000000,-122.0000000,0.000,0.000,0.000,0.000,8,00:00:00,0.000,0.000,9.810,0.000,0.000,0.000,20.000,10.000,-45.000
9.12,0.0,0.0,9.080,0,45.001,-122.002,0.000,0.006,-0.016,0.000,0.000,0.000,0.000,0.000,0.000,180.000,9.060,1013.250,25.000,0.000,45.0000000,-122.0000000,0.000,0.000,0.000,0.000,8,00:00:00,0.000,0.000,9.810,0.000,0.000,0.000,20.000,10.000,-45.000
9.16,0.0,0.0,9.120,0,45.001,-122.002,0.000,0.006,-0.016,0.000,0.000,0.000,0.000,0.000,0.000,180.000,9.080,1013.250,25.000,0.000,45.0000000,-122.0000000,0.000,0.000,0.000,0.000,8,00:00:00,0.000,0.000,9.810,0.000,0.000,0.000,20.000,10.000,-45.000
9.2,0.0,0.0,9.180,0,45.001,-122.002,0.000,0.005,-0.015,0.000,0.000,0.000,0.000,0.000,0.000,180.000,9.120,1013.250,25.000,0.000,45.0000000,-122.0000000,0.000,0.000,0.000,0.000,8,00:00:00,0.000,0.000,9.810,0.000,0.000,0.000,20.000,10.000,-45.000
9.24,0.0,0.0,9.200,0,45.001,-122.002,0.000,0.005,-0.015,0.000,0.000,0.000,0.000,0.000,0.000,180.000,9.180,1013.250,25.000,0.000,45.0000000,-122.0000000,0.000,0.000,0.000,0.000,8,00:00:00,0.000,0.000,9.810,0.000,0.000,0.000,20.000,10.000,-45.000
9.28,0.0,0.0,9.240,0,45.001,-122.002,0.000,0.005,-0.014,0.000,0.000,0.000,0.000,0.000,0.000,180.000,9.200,1013.250,25.000,0.000,45.0000000,-122.0000000,0.000,0.000,0.000,0.000,8,00:00:00,0.000,0.000,9.810,0.000,0.000,0.000,20.000,10.000,-45.000
9.32,0.0,0.0,9.300,0,45.001,-122.001,0.000,0.005,-0.013,0.000,0.000,0.000,0.000,0.000,0.000,180.000,9.240,1013.250,25.000,0.000,45.0000000,-122.0000000,0.000,0.000,0.000,0.000,8,00:00:00,0.000,0.000,9.810,0.000,0.000,0.000,20.000,10.000,-45.000
9.36,0.0,0.0,9.320,0,45.001,-122.002,0.000,0.005,-0.013,0.000,0.000,0.000,0.000,0.000,0.000,180.000,9.300,1013.250,25.000,0.000,45.0000000,-122.0000000,0.000,0.000,0.000,0.000,8,00:00:00,0.000,0.000,9.810,0.000,0.000,0.000,20.000,10.000,-45.000
9.4,0.0,0.0,9.360,0,45.001,-122.001,0.000,0.005,-0.013,0.000,0.000,0.000,0.000,0.000,0.000,180.000,9.320,1013.250,25.000,0.000,45.0000000,-122.0000000,0.000,0.000,0.000,0.000,8,00:00:00,0.000,0.000,9.810,0.000,0.000,0.000,20.000,10.000,-45.000
9.44,0.0,0.0,9.420,0,45.000,-122.001,0.000,0.004,-0.012,0.000,0.000,0.000,0.000,0.000,0.000,180.000,9.360,1013.250,25.000,0.000,45.0000000,-122.0000000,0.000,0.000,0.000,0.000,8,00:00:00,0.000,0.000,9.810,0.000,0.000,0.000,20.000,10.000,-45.000
9.48,0.0,0.0,9.440,0,45.001,-122.002,0.000,0.004,-0.012,0.000,0.000,0.000,0.000,0.000,0.000,180.000,9.420,1013.250,25.000,0.000,45.0000000,-122.0000000,0.000,0.000,0.000,0.000,8,00:00:00,0.000,0.000,9.810,0.000,0.000,0.000,20.000,10.000,-45.000
9.52,0.0,0.0,9.480,0,45.000,-122.001,0.000,0.004,-0.012,0.000,0.000,0.000,0.000,0.000,0.000,180.000,9.440,1013.250,25.000,0.000,45.0000000,-122.0000000,0.000,0.000,0.000,0.000,8,00:00:00,0.000,0.000,9.810,0.000,0.000,0.000,20.000,10.000,-45.000
9.56,0.0,0.0,9.540,0,45.000,-122.001,0.000,0.004,-0.011,0.000,0.000,0.000,0.000,0.000,0.000,180.000,9.480,1013.250,25.000,0.000,45.0000000,-122.0000000,0.000,0.000,0.000,0.000,8,00:00:00,0.000,0.000,9.810,0.000,0.000,0.000,20.000,10.000,-45.000
9.6,0.0,0.0,9.560,0,45.001,-122.001,0.000,0.004,-0.011,0.000,0.000,0.000,0.000,0.000,0.000,180.000,9.540,1013.250,25.000,0.000,45.0000000,-122.0000000,0.000,0.000,0.000,0.000,8,00:00:00,0.000,0.000,9.810,0.000,0.000,0.000,20.000,10.000,-45.000
9.64,0.0,0.0,9.600,0,45.000,-122.001,0.000,0.004,-0.010,0.000,0.000,0.000,0.000,0.000,0.000,180.000,9.560,1013.250,25.000,0.000,45.0000000,-122.0000000,0.000,0.000,0.000,0.000,8,00:00:00,0.000,0.000,9.810,0.000,0.000,0.000,20.000,10.000,-45.000
9.68,0.0,0.0,9.660,0,45.000,-122.001,0.000,0.004,-0.010,0.000,0.000,0.000,0.000,0.000,0.000,180.000,9.600,1013.250,25.000,0.000,45.0000000,-122.0000000,0.000,0.000,0.000,0.000,8,00:00:00,0.000,0.000,9.810,0.000,0.000,0.000,20.000,10.000,-45.000
9.72,0.0,0.0,9.680,0,45.000,-122.001,0.000,0.004,-0.010,0.000,0.000,0.000,0.000,0.000,0.000,180.000,9.660,1013.250,25.000,0.000,45.0000000,-122.0000000,0.000,0.000,0.000,0.000,8,00:00:00,0.000,0.000,9.810,0.000,0.000,0.000,20.000,10.000,-45.000
9.76,0.0,0.0,9.720,0,45.000,-122.001,0.000,0.003,-0.009,0.000,0.000,0.000,0.000,0.000,0.000,180.000,9.680,1013.250,25.000,0.000,45.0000000,-122.0000000,0.000,0.000,0.000,0.000,8,00:00:00,0.000,0.000,9.810,0.000,0.000,0.000,20.000,10.000,-45.000
9.8,0.0,0.0,9.780,0,45.000,-122.001,0.000,0.003,-0.009,0.000,0.000,0.000,0.000,0.000,0.000,180.000,9.720,1013.250,25.000,0.000,45.0000000,-122.0000000,0.000,0.000,0.000,0.000,8,00:00:00,0.000,0.000,9.810,0.000,0.000,0.000,20.000,10.000,-45.000
9.84,0.0,0.0,9.800,0,45.000,-122.001,0.000,0.003,-0.009,0.000,0.000,0.000,0.000,0.000,0.000,180.000,9.780,1013.250,25.000,0.000,45.0000000,-122.0000000,0.000,0.000,0.000,0.000,8,00:00:00,0.000,0.000,9.810,0.000,0.000,0.000,20.000,10.000,-45.000
9.88,0.0,0.0,9.840,0,45.000,-122.001,0.000,0.003,-0.009,0.000,0.000,0.000,0.000,0.000,0.000,180.000,9.800,1013.250,25.000,0.000,45.0000000,-122.0000000,0.000,0.000,0.000,0.000,8,00:00:00,0.000,0.000,9.810,0.000,0.000,0.000,20.000,10.000,-45.000
9.92,0.0,0.0,9.900,0,45.000,-122.001,0.000,0.003,-0.008,0.000,0.000,0.000,0.000,0.000,0.000,180.000,9.840,1013.250,25.000,0.000,45.0000000,-122.0000000,0.000,0.000,0.000,0.000,8,00:00:00,0.000,0.000,9.810,0.000,0.000,0.000,20.000,10.000,-45.000
9.96,0.0,0.0,9.920,0,45.000,-122.001,0.000,0.003,-0.008,0.000,0.000,0.000,0.000,0.000,0.000,180.000,9.900,1013.250,25.000,0.000,45.0000000,-122.0000000,0.000,0.000,0.000,0.000,8,00:00:00,0.000,0.000,9.810,0.000,0.000,0.000,20.000,10.000,-45.000
10.0,0.0,0.0,9.960,0,45.000,-122.001,0.000,0.003,-0.008,0.000,0.000,0.000,0.000,0.000,0.000,180.000,9.920,1013.250,25.000,0.000,45.0000000,-122.0000000,0.000,0.000,0.000,0.000,8,00:00:00,0.000,0.000,9.810,0.000,0.000,0.000,20.000,10.000,-45.000
