Sim_Time,Sim_Alt,State - Time (s),State - Flight Stage,State - PX (m),State - PY (m),State - PZ (m),State - VX (m/s),State - VY (m/s),State - VZ (m/s),State - AX (m/s/s),State - AY (m/s/s),State - AZ (m/s/s),State - Off-Vert Angle (deg),State - Time in Stage (s),HITL_Accelerometer - Acc X (m/s^2),HITL_Accelerometer - Acc Y (m/s^2),HITL_Accelerometer - Acc Z (m/s^2),HITL_Gyroscope - Gyro X (rad/s),HITL_Gyroscope - Gyro Y (rad/s),HITL_Gyroscope - Gyro Z (rad/s),HITL_Barometer - Pres (hPa),HITL_Barometer - Temp (C),HITL_Barometer - Alt ASL (m),HITL_GPS - Lat (deg),HITL_GPS - Lon (deg),HITL_GPS - Alt (m),HITL_GPS - vN (m/s),HITL_GPS - vE (m/s),HITL_GPS - vD (m/s),HITL_GPS - Fix Quality,HITL_GPS - Time of Day,HITL_Magnetometer - Mag X (uT),HITL_Magnetometer - Mag Y (uT),HITL_Magnetometer - Mag Z (uT)
0.0,-8.401,0.000,0,0.000,0.000,-8.400,0.000,0.000,0.000,0.000,0.000,0.000,0.000,0.000,-9.898,0.115,0.338,0.000,0.000,0.000,1014.260,32.100,-8.401,45.0000000,-122.0000000,-8.400,0.000,0.000,0.000,8,00:00:00,0.000,0.000,0.000
0.271,-8.484,0.271,0,-0.000,-0.000,-0.581,-0.000,-0.000,27.021,-0.000,-0.000,0.053,2.359,0.271,-9.855,0.294,0.280,0.000,0.000,0.000,1014.270,32.100,-8.484,45.0000000,-122.0000000,-8.480,0.000,0.000,0.000,8,00:00:00,0.000,0.000,0.000
0.541,-8.484,0.541,0,-0.000,-0.000,1.166,-0.000,-0.000,14.884,-0.000,-0.000,0.031,3.168,0.541,-9.826,0.381,0.388,0.000,0.000,0.000,1014.270,32.100,-8.484,45.0000000,-122.0000000,-8.480,0.000,0.000,0.000,8,00:00:00,0.000,0.000,0.000
0.813,-8.484,0.813,0,-0.000,-0.000,1.535,0.000,0.000,9.117,0.000,0.000,0.124,2.161,0.813,-9.927,0.316,0.201,0.000,0.000,0.000,1014.270,32.100,-8.484,45.0000000,-122.0000000,-8.480,0.000,0.000,0.000,8,00:00:00,0.000,0.000,0.000
1.088,-8.401,1.088,0,-0.000,0.000,1.618,-0.000,0.000,6.181,-0.000,-0.000,0.128,1.684,1.088,-9.934,0.180,0.230,0.000,0.000,0.000,1014.260,32.090,-8.401,45.0000000,-122.0000000,-8.400,0.000,0.000,0.000,8,00:00:00,0.000,0.000,0.000
1.356,-8.567,1.356,0,0.000,0.000,1.481,0.000,0.000,4.401,0.000,0.000,0.105,1.472,1.356,-9.912,0.165,0.194,0.000,0.000,0.000,1014.280,32.100,-8.567,45.0000000,-122.0000000,-8.570,0.000,0.000,0.000,8,00:00:00,0.000,0.000,0.000
1.63,-8.151,1.630,0,0.000,0.000,1.555,0.000,0.000,3.448,0.000,0.000,0.049,1.712,1.630,-9.855,0.165,0.244,0.000,0.000,0.000,1014.230,32.100,-8.151,45.0000000,-122.0000000,-8.150,0.000,0.000,0.000,8,00:00:00,0.000,0.000,0.000
1.906,-8.567,1.906,0,0.000,0.000,1.388,0.000,0.000,2.637,-0.000,-0.000,0.068,1.178,1.906,-9.876,0.108,0.172,0.000,0.000,0.000,1014.280,32.100,-8.567,45.0000000,-122.0000000,-8.570,0.000,0.000,0.000,8,00:00:00,0.000,0.000,0.000
2.174,-8.401,2.174,0,0.000,0.000,1.304,0.000,0.000,2.146,0.000,0.000,0.119,2.393,2.174,-9.920,0.330,0.251,0.000,0.000,0.000,1014.260,32.110,-8.401,45.0000000,-122.0000000,-8.400,0.000,0.000,0.000,8,00:00:00,0.000,0.000,0.000
2.447,-8.567,2.447,0,0.000,0.000,1.177,0.000,0.000,1.736,-0.000,-0.000,0.050,1.819,2.447,-9.855,0.251,0.187,0.000,0.000,0.000,1014.280,32.100,-8.567,45.0000000,-122.0000000,-8.570,0.000,0.000,0.000,8,00:00:00,0.000,0.000,0.000
2.721,-8.317,2.721,0,0.000,0.000,1.151,0.000,0.000,1.500,0.000,0.000,0.143,1.790,2.721,-9.948,0.172,0.259,0.000,0.000,0.000,1014.250,32.100,-8.317,45.0000000,-122.0000000,-8.320,0.000,0.000,0.000,8,00:00:00,0.000,0.000,0.000
2.996,-8.65,2.996,0,0.000,0.000,1.022,0.000,-0.000,1.252,-0.000,-0.000,0.090,1.005,2.996,-9.898,0.158,0.072,0.000,0.000,0.000,1014.290,32.100,-8.650,45.0000000,-122.0000000,-8.650,0.000,0.000,0.000,8,00:00:00,0.000,0.000,0.000
3.266,-8.401,3.266,0,0.000,-0.000,0.981,-0.000,-0.000,1.092,-0.000,-0.000,0.073,2.088,3.266,-9.876,0.208,0.294,0.000,0.000,0.000,1014.260,32.110,-8.401,45.0000000,-122.0000000,-8.400,0.000,0.000,0.000,8,00:00:00,0.000,0.000,0.000
3.541,-8.401,3.541,0,-0.000,-0.000,0.942,-0.000,-0.000,0.944,-0.000,-0.000,0.009,2.137,3.541,-9.812,0.273,0.244,0.000,0.000,0.000,1014.260,32.100,-8.401,45.0000000,-122.0000000,-8.400,0.000,0.000,0.000,8,00:00:00,0.000,0.000,0.000
3.819,-8.567,3.819,0,-0.000,-0.000,0.863,0.000,-0.000,0.838,0.000,0.000,0.145,2.088,3.819,-9.948,0.165,0.323,0.000,0.000,0.000,1014.280,32.100,-8.567,45.0000000,-122.0000000,-8.570,0.000,0.000,0.000,8,00:00:00,0.000,0.000,0.000
4.095,-8.401,4.095,0,-0.000,-0.000,0.835,0.000,-0.000,0.769,0.000,0.000,0.139,0.967,4.094,-9.948,0.057,0.158,0.000,0.000,0.000,1014.260,32.090,-8.401,45.0000000,-122.0000000,-8.400,0.000,0.000,0.000,8,00:00:00,0.000,0.000,0.000
4.366,-8.484,4.366,0,0.000,-0.000,0.786,0.000,-0.000,0.687,0.000,-0.000,0.074,4.419,4.366,-9.855,0.273,-0.711,0.000,0.000,0.000,1014.270,32.100,-8.484,45.0000000,-122.0000000,-8.480,0.000,0.000,0.000,8,00:00:00,0.000,0.000,0.000
4.624,-5.49,4.624,0,0.113,-0.301,2.690,1.097,-2.913,13.611,4.289,-11.387,50.002,4.419,4.624,-60.257,-9.726,-0.036,0.000,0.000,0.000,1013.910,32.040,-5.490,45.0000000,-122.0000000,-5.490,0.000,0.000,0.000,8,00:00:00,0.000,0.000,0.000
4.895,-0.499,4.895,1,0.558,-0.919,8.534,3.145,-3.224,30.713,7.712,-1.404,63.345,4.419,0.000,-73.531,0.625,2.428,0.000,0.000,0.000,1013.310,32.070,-0.499,45.0000000,-122.0000000,-0.500,0.000,0.000,0.000,8,00:00:00,0.000,0.000,0.000
5.169,8.99,5.169,1,1.326,-1.573,18.898,4.600,-4.091,47.666,5.637,-3.553,62.412,0.000,0.274,-72.511,-1.551,0.424,0.000,0.000,0.000,1012.170,32.080,8.990,45.0000000,-122.0000000,8.990,0.000,0.000,0.000,8,00:00:00,0.000,0.000,0.000
5.439,22.324,5.439,1,2.256,-2.329,33.386,5.810,-5.147,64.403,4.998,-4.443,62.916,0.000,0.544,-72.992,-2.428,-0.251,0.000,0.000,0.000,1010.570,32.100,22.324,45.0000000,-122.0000000,22.320,0.000,0.000,0.000,8,00:00:00,0.000,0.000,0.000
5.711,40.1,5.711,1,3.560,-3.151,52.180,9.038,-5.555,80.151,12.608,-2.155,59.139,0.000,0.816,-69.710,-0.237,7.614,0.000,0.000,0.000,1008.440,32.100,40.100,45.0000000,-122.0000000,40.100,0.000,0.000,0.000,8,00:00:00,0.000,0.000,0.000
5.981,62.092,5.981,1,5.053,-3.914,74.826,9.228,-5.672,94.990,1.679,-1.192,56.394,0.000,1.086,-66.161,0.639,-3.089,0.000,0.000,0.000,1005.810,32.100,62.092,45.0000000,-122.0000000,62.090,0.000,0.000,0.000,8,00:00:00,0.000,0.000,0.000
6.258,88.744,6.258,1,6.523,-4.646,102.025,10.103,-5.821,109.392,4.304,-1.353,53.549,0.000,1.363,-63.518,0.402,-0.266,0.000,0.000,0.000,1002.630,32.090,88.744,45.0000000,-122.0000000,88.740,0.000,0.000,0.000,8,00:00:00,0.000,0.000,0.000
6.524,119.505,6.524,1,7.743,-5.239,130.595,9.420,-5.645,109.940,-1.248,-0.229,2.938,0.000,1.629,-12.627,0.122,-2.162,0.000,0.000,0.000,998.970,32.100,119.505,45.0000000,-122.0000000,119.500,0.000,0.000,0.000,8,00:00:00,0.000,0.000,0.000
6.789,150.357,6.789,2,8.693,-5.717,159.205,8.966,-5.341,106.732,-0.321,0.232,-11.963,0.000,0.000,2.176,0.172,-0.165,0.000,0.000,0.000,995.310,32.050,150.357,45.0000000,-122.0000000,150.360,0.000,0.000,0.000,8,00:00:00,0.000,0.000,0.000
7.056,183.926,7.056,2,9.411,-6.117,188.205,8.051,-5.216,103.766,-2.017,-0.450,-12.422,0.000,0.267,2.737,-0.524,-1.824,0.000,0.000,0.000,991.340,32.050,183.926,45.0000000,-122.0000000,183.930,0.000,0.000,0.000,8,00:00:00,0.000,0.000,0.000
7.327,242.189,7.327,2,9.908,-6.365,222.324,7.318,-4.136,102.848,-1.316,3.093,-12.230,0.000,0.538,2.593,3.024,-1.135,0.000,0.000,0.000,984.480,32.040,242.189,45.0000000,-122.0000000,242.190,0.000,0.000,0.000,8,00:00:00,0.000,0.000,0.000
7.603,315.182,7.603,2,10.279,-6.456,263.858,6.974,-3.810,104.465,0.106,0.334,-12.538,0.000,0.814,2.722,0.259,0.302,0.000,0.000,0.000,975.940,32.020,315.182,45.0000000,-122.0000000,315.180,0.000,0.000,0.000,8,00:00:00,0.000,0.000,0.000
7.879,413.951,7.879,2,10.459,-6.497,316.424,5.842,-3.637,110.251,-2.783,-0.195,-11.754,0.000,1.090,2.133,-0.251,-2.636,0.000,0.000,0.000,964.480,32.010,413.951,45.0000000,-122.0000000,413.950,0.000,0.000,0.000,8,00:00:00,0.000,0.000,0.000
8.152,517.609,8.152,2,10.295,-6.582,379.479,4.140,-4.131,119.471,-4.972,-2.615,-11.995,0.000,1.362,2.464,-2.679,-4.805,0.000,0.000,0.000,952.570,32.010,517.609,45.0000000,-122.0000000,517.610,0.000,0.000,0.000,8,00:00:00,0.000,0.000,0.000
8.427,566.009,8.427,2,10.153,-6.579,441.999,5.531,-2.785,126.849,6.253,4.121,-14.318,0.000,1.638,4.159,4.001,6.565,0.000,0.000,0.000,947.050,32.010,566.009,45.0000000,-122.0000000,566.010,0.000,0.000,0.000,8,00:00:00,0.000,0.000,0.000
8.696,584.834,8.696,2,10.100,-6.524,497.383,4.718,-3.687,131.111,-1.848,-4.114,-14.531,0.000,1.907,4.726,-4.245,-1.508,0.000,0.000,0.000,944.910,32.010,584.834,45.0000000,-122.0000000,584.830,0.000,0.000,0.000,8,00:00:00,0.000,0.000,0.000
8.967,605.634,8.967,2,9.716,-6.631,547.535,2.407,-3.898,133.274,-7.439,-1.523,-12.925,0.000,2.178,3.599,-1.616,-7.197,0.000,0.000,0.000,942.550,31.950,605.634,45.0000000,-122.0000000,605.630,0.000,0.000,0.000,8,00:00:00,0.000,0.000,0.000
9.238,609.429,9.238,2,9.711,-6.917,589.149,7.332,-5.173,128.280,19.237,-5.460,-27.444,0.000,2.449,16.047,-5.926,20.450,0.000,0.000,0.000,942.120,31.900,609.429,45.0000000,-122.0000000,609.430,0.000,0.000,0.000,8,00:00:00,0.000,0.000,0.000
9.516,611.547,9.516,2,10.370,-7.620,623.316,7.423,-7.248,122.757,1.410,-8.260,-18.829,0.000,2.727,8.663,-8.505,2.047,0.000,0.000,0.000,941.880,31.860,611.547,45.0000000,-122.0000000,611.550,0.000,0.000,0.000,8,00:00:00,0.000,0.000,0.000
9.792,615.079,9.792,2,10.976,-8.282,650.496,7.509,-5.499,116.589,1.446,5.481,-13.948,0.000,3.003,4.173,5.366,1.745,0.000,0.000,0.000,941.480,31.840,615.079,45.0000000,-122.0000000,615.080,0.000,0.000,0.000,8,00:00:00,0.000,0.000,0.000
10.069,619.142,10.069,2,11.886,-8.777,672.043,10.301,-6.376,108.733,11.287,-4.055,-14.533,0.000,3.280,3.785,-4.173,11.593,0.000,0.000,0.000,941.020,31.830,619.142,45.0000000,-122.0000000,619.140,0.000,0.000,0.000,8,00:00:00,0.000,0.000,0.000
10.341,622.058,10.341,2,13.042,-9.202,688.042,10.600,-5.494,100.774,2.428,2.303,-11.067,0.000,3.552,1.142,2.270,2.514,0.000,0.000,0.000,940.690,31.840,622.058,45.0000000,-122.0000000,622.060,0.000,0.000,0.000,8,00:00:00,0.000,0.000,0.000
10.593,629.748,10.593,2,13.922,-9.412,699.324,10.410,-5.656,92.808,0.745,-1.654,-11.084,0.000,3.804,1.171,-1.688,0.833,0.000,0.000,0.000,939.820,31.830,629.748,45.0000000,-122.0000000,629.750,0.000,0.000,0.000,8,00:00:00,0.000,0.000,0.000
10.869,635.144,10.869,2,14.629,-9.857,709.481,8.041,-6.546,83.187,-7.161,-4.186,-14.564,1.393,4.080,4.942,-4.374,-6.917,0.000,0.000,0.000,939.210,31.820,635.144,45.0000000,-122.0000000,635.140,0.000,0.000,0.000,8,00:00:00,0.000,0.000,0.000
11.142,635.41,11.142,2,14.794,-10.333,715.546,6.678,-6.381,74.121,-3.548,-0.403,-10.847,1.394,4.353,1.200,-0.445,-3.491,0.000,0.000,0.000,939.180,31.820,635.410,45.0000000,-122.0000000,635.410,0.000,0.000,0.000,8,00:00:00,0.000,0.000,0.000
11.395,639.392,11.395,2,14.889,-10.575,718.215,8.556,-5.813,65.377,8.969,1.147,-11.200,0.567,4.606,0.747,1.106,9.050,0.000,0.000,0.000,938.730,31.800,639.392,45.0000000,-122.0000000,639.390,0.000,0.000,0.000,8,00:00:00,0.000,0.000,0.000
11.67,644.705,11.670,2,15.265,-10.913,720.665,7.740,-6.342,57.050,-1.517,-2.962,-9.552,0.568,4.881,-0.251,-2.952,-1.537,0.000,0.000,0.000,938.130,31.770,644.705,45.0000000,-122.0000000,644.710,0.000,0.000,0.000,8,00:00:00,0.000,0.000,0.000
11.943,649.665,11.943,2,15.440,-11.276,721.518,7.300,-6.363,48.483,-0.136,-1.152,-11.717,0.569,5.154,1.868,-1.221,0.007,0.000,0.000,0.000,937.570,31.760,649.665,45.0000000,-122.0000000,649.660,0.000,0.000,0.000,8,00:00:00,0.000,0.000,0.000
12.196,652.767,12.196,2,15.402,-11.494,720.290,7.045,-6.298,40.764,0.560,-0.913,-10.989,0.570,5.407,1.099,-0.955,0.646,0.000,0.000,0.000,937.220,31.740,652.767,45.0000000,-122.0000000,652.770,0.000,0.000,0.000,8,00:00:00,0.000,0.000,0.000
12.467,657.2,12.467,2,15.340,-11.760,719.026,6.050,-6.049,33.346,-2.218,-0.196,-10.853,0.570,5.678,1.200,-0.237,-2.133,0.000,0.000,0.000,936.720,31.740,657.200,45.0000000,-122.0000000,657.200,0.000,0.000,0.000,8,00:00:00,0.000,0.000,0.000
12.719,661.279,12.719,2,15.074,-11.830,716.721,6.032,-5.642,26.749,1.451,0.420,-10.720,0.571,5.930,0.812,0.388,1.516,0.000,0.000,0.000,936.260,31.720,661.279,45.0000000,-122.0000000,661.280,0.000,0.000,0.000,8,00:00:00,0.000,0.000,0.000
12.994,664.03,12.994,2,14.903,-11.920,714.360,5.547,-5.275,20.299,-0.380,0.229,-10.731,0.572,6.205,0.955,0.194,-0.309,0.000,0.000,0.000,935.950,31.720,664.030,45.0000000,-122.0000000,664.030,0.000,0.000,0.000,8,00:00:00,0.000,0.000,0.000
13.27,667.491,13.270,2,14.646,-11.941,711.587,5.157,-5.116,14.455,-0.059,-0.528,-10.308,0.573,6.481,0.481,-0.546,-0.022,0.000,0.000,0.000,935.560,31.700,667.491,45.0000000,-122.0000000,667.490,0.000,0.000,0.000,8,00:00:00,0.000,0.000,0.000
13.543,673.084,13.543,2,14.344,-11.866,708.971,5.064,-4.625,9.258,1.002,0.687,-10.545,0.573,6.754,0.682,0.661,1.056,0.000,0.000,0.000,934.930,31.680,673.084,45.0000000,-122.0000000,673.080,0.000,0.000,0.000,8,00:00:00,0.000,0.000,0.000
13.795,675.838,13.795,2,13.988,-11.618,706.128,5.156,-4.245,4.841,1.770,0.339,-10.300,0.574,7.006,0.366,0.323,1.803,0.000,0.000,0.000,934.620,31.640,675.838,45.0000000,-122.0000000,675.840,0.000,0.000,0.000,8,00:00:00,0.000,0.000,0.000
14.068,676.459,14.068,3,13.766,-11.414,703.023,5.059,-4.069,0.523,0.925,-0.416,-10.249,0.575,0.000,0.352,-0.431,0.955,0.000,0.000,0.000,934.550,31.620,676.459,45.0000000,-122.0000000,676.460,0.000,0.000,0.000,8,00:00:00,0.000,0.000,0.000
14.327,681.702,14.327,4,13.469,-11.089,700.518,4.809,-3.433,-2.932,0.351,1.372,-9.995,0.576,0.000,0.208,1.365,0.366,0.000,0.000,0.000,933.960,31.560,681.702,45.0000000,-122.0000000,681.700,0.000,0.000,0.000,8,00:00:00,0.000,0.000,0.000
14.601,682.235,14.601,4,13.181,-10.729,697.751,4.338,-3.099,-6.301,-0.500,0.227,-10.124,0.576,0.274,0.359,0.215,-0.474,0.000,0.000,0.000,933.900,31.580,682.235,45.0000000,-122.0000000,682.240,0.000,0.000,0.000,8,00:00:00,0.000,0.000,0.000
14.876,682.769,14.876,4,12.806,-10.308,694.837,3.855,-2.630,-9.226,-0.569,0.751,-9.515,0.577,0.549,-0.223,0.761,-0.589,0.000,0.000,0.000,933.840,31.580,682.769,45.0000000,-122.0000000,682.770,0.000,0.000,0.000,8,00:00:00,0.000,0.000,0.000
15.147,683.836,15.147,4,12.502,-9.826,691.995,4.723,-2.317,-12.124,4.379,0.231,-10.769,0.578,0.820,0.632,0.201,4.439,0.000,0.000,0.000,933.720,31.580,683.836,45.0000000,-122.0000000,683.840,0.000,0.000,0.000,8,00:00:00,0.000,0.000,0.000
15.42,683.124,15.420,4,12.347,-9.356,688.912,4.759,-2.288,-14.547,1.285,-0.768,-9.684,0.579,1.093,-0.251,-0.761,1.271,0.000,0.000,0.000,933.800,31.570,683.124,45.0000000,-122.0000000,683.120,0.000,0.000,0.000,8,00:00:00,0.000,0.000,0.000
15.695,683.836,15.695,4,12.111,-8.925,685.911,3.887,-2.209,-17.129,-2.046,-0.544,-11.339,0.580,1.368,1.659,-0.603,-1.925,0.000,0.000,0.000,933.720,31.560,683.836,45.0000000,-122.0000000,683.840,0.000,0.000,0.000,8,00:00:00,0.000,0.000,0.000
15.97,684.28,15.970,4,11.756,-8.488,683.011,3.605,-1.884,-19.075,0.073,0.391,-10.068,0.580,1.643,0.266,0.381,0.093,0.000,0.000,0.000,933.670,31.550,684.280,45.0000000,-122.0000000,684.280,0.000,0.000,0.000,8,00:00:00,0.000,0.000,0.000
16.239,684.903,16.239,4,11.358,-8.031,680.439,3.387,-1.753,-20.585,0.270,-0.279,-9.675,0.581,1.912,-0.165,-0.273,0.259,0.000,0.000,0.000,933.600,31.550,684.902,45.0000000,-122.0000000,684.900,0.000,0.000,0.000,8,00:00:00,0.000,0.000,0.000
16.512,684.636,16.512,4,10.973,-7.596,677.884,3.270,-1.621,-21.983,0.603,-0.230,-9.842,0.582,2.185,-0.022,-0.230,0.603,0.000,0.000,0.000,933.630,31.540,684.636,45.0000000,-122.0000000,684.640,0.000,0.000,0.000,8,00:00:00,0.000,0.000,0.000
16.786,683.836,16.786,5,10.605,-7.175,675.311,3.179,-1.484,-23.384,0.663,-0.174,-10.379,0.583,0.000,0.510,-0.194,0.704,0.000,0.000,0.000,933.720,31.530,683.836,45.0000000,-122.0000000,683.840,0.000,0.000,0.000,8,00:00:00,0.000,0.000,0.000
17.056,682.769,17.056,5,10.224,-6.770,672.786,2.937,-1.439,-24.606,0.078,-0.478,-10.316,0.583,0.270,0.481,-0.496,0.115,0.000,0.000,0.000,933.840,31.510,682.769,45.0000000,-122.0000000,682.770,0.000,0.000,0.000,8,00:00:00,0.000,0.000,0.000
17.328,680.28,17.328,5,9.859,-6.418,669.918,2.934,-1.543,-26.149,0.921,-0.987,-11.546,0.584,0.542,1.623,-1.049,1.049,0.000,0.000,0.000,934.120,31.500,680.280,45.0000000,-122.0000000,680.280,0.000,0.000,0.000,8,00:00:00,0.000,0.000,0.000
17.604,677.17,17.604,5,9.515,-6.103,666.611,2.728,-1.400,-27.426,0.143,-0.054,-10.493,0.585,0.818,0.668,-0.079,0.194,0.000,0.000,0.000,934.470,31.480,677.170,45.0000000,-122.0000000,677.170,0.000,0.000,0.000,8,00:00:00,0.000,0.000,0.000
17.877,673.262,17.877,5,9.096,-5.794,662.973,2.090,-1.366,-28.773,-1.478,-0.423,-10.780,0.586,1.091,1.063,-0.460,-1.401,0.000,0.000,0.000,934.910,31.480,673.262,45.0000000,-122.0000000,673.260,0.000,0.000,0.000,8,00:00:00,0.000,0.000,0.000
18.146,669.177,18.146,5,8.623,-5.478,659.059,1.972,-1.100,-29.977,0.384,0.464,-10.341,0.586,1.360,0.517,0.445,0.424,0.000,0.000,0.000,935.370,31.490,669.177,45.0000000,-122.0000000,669.180,0.000,0.000,0.000,8,00:00:00,0.000,0.000,0.000
18.419,663.941,18.419,5,8.169,-5.157,654.537,1.786,-1.012,-31.247,0.092,-0.165,-10.213,0.587,1.633,0.388,-0.180,0.122,0.000,0.000,0.000,935.960,31.480,663.941,45.0000000,-122.0000000,663.940,0.000,0.000,0.000,8,00:00:00,0.000,0.000,0.000
18.685,657.82,18.685,5,7.661,-4.785,649.613,1.193,-0.442,-32.584,-1.490,1.681,-10.326,0.588,1.899,0.690,1.659,-1.444,0.000,0.000,0.000,936.650,31.490,657.820,45.0000000,-122.0000000,657.820,0.000,0.000,0.000,8,00:00:00,0.000,0.000,0.000
18.936,651.526,18.936,5,7.069,-4.433,644.477,0.700,-0.895,-34.447,-1.243,-2.254,-12.567,0.589,2.150,2.758,-2.356,-1.034,0.000,0.000,0.000,937.360,31.470,651.526,45.0000000,-122.0000000,651.530,0.000,0.000,0.000,8,00:00:00,0.000,0.000,0.000
19.21,645.325,19.210,5,6.467,-4.249,638.105,0.445,-1.398,-36.264,-0.328,-2.232,-11.425,0.590,2.424,1.551,-2.291,-0.208,0.000,0.000,0.000,938.060,31.470,645.325,45.0000000,-122.0000000,645.330,0.000,0.000,0.000,8,00:00:00,0.000,0.000,0.000
19.479,639.038,19.479,5,5.824,-4.359,631.414,-0.150,-3.224,-38.798,-1.658,-7.202,-14.429,0.590,2.693,4.461,-7.370,-1.314,0.000,0.000,0.000,938.770,31.480,639.038,45.0000000,-122.0000000,639.040,0.000,0.000,0.000,8,00:00:00,0.000,0.000,0.000
19.753,632.579,19.753,5,4.874,-4.798,624.129,-2.609,-4.098,-40.594,-8.520,-3.638,-11.743,1.656,2.967,2.191,-3.728,-8.418,0.000,0.000,0.000,939.500,31.460,632.579,45.0000000,-122.0000000,632.580,0.000,0.000,0.000,8,00:00:00,0.000,0.000,0.000
20.004,623.383,20.004,5,3.789,-5.258,616.873,-2.509,-4.464,-42.304,0.782,-1.992,-11.760,1.658,3.218,1.810,-2.083,0.876,0.000,0.000,0.000,940.540,31.460,623.383,45.0000000,-122.0000000,623.380,0.000,0.000,0.000,8,00:00:00,0.000,0.000,0.000
20.278,613.225,20.278,5,2.812,-5.675,607.950,-2.220,-3.413,-43.938,1.313,3.309,-10.144,1.661,3.492,0.424,3.290,1.336,0.000,0.000,0.000,941.690,31.450,613.225,45.0000000,-122.0000000,613.230,0.000,0.000,0.000,8,00:00:00,0.000,0.000,0.000
20.551,603.517,20.551,5,1.325,-5.843,598.762,-7.536,-2.833,-43.839,-19.347,1.581,-3.688,1.663,3.765,-5.042,1.868,-19.631,0.000,0.000,0.000,942.790,31.450,603.517,45.0000000,-122.0000000,603.520,0.000,0.000,0.000,8,00:00:00,0.000,0.000,0.000
20.822,600.695,20.822,5,-1.953,-7.690,589.320,-18.345,-17.450,-56.898,-40.070,-54.663,-54.334,1.665,4.036,43.851,-56.737,-37.868,0.000,0.000,0.000,943.110,31.450,600.695,45.0000000,-122.0000000,600.700,0.000,0.000,0.000,8,00:00:00,0.000,0.000,0.000
21.099,595.229,21.099,5,-6.181,-11.294,577.514,-17.429,-18.154,-68.662,2.736,-3.584,-50.459,1.667,4.313,40.238,-5.524,4.798,0.000,0.000,0.000,943.730,31.440,595.229,45.0000000,-122.0000000,595.230,0.000,0.000,0.000,8,00:00:00,0.000,0.000,0.000
21.375,614.196,21.375,5,-11.177,-14.344,569.755,-28.315,-16.198,-69.804,-40.479,5.752,-20.431,1.670,4.589,12.936,5.229,-39.872,0.000,0.000,0.000,941.580,31.440,614.196,45.0000000,-122.0000000,614.200,0.000,0.000,0.000,8,00:00:00,0.000,0.000,0.000
21.643,585.362,21.643,5,-17.920,-16.691,558.509,-37.756,-15.986,-70.559,-36.942,-0.807,-13.979,1.672,4.857,6.005,-1.013,-36.683,0.000,0.000,0.000,944.850,31.420,585.362,45.0000000,-122.0000000,585.360,0.000,0.000,0.000,8,00:00:00,0.000,0.000,0.000
21.918,583.777,21.918,5,-25.432,-18.597,548.316,-38.691,-13.823,-72.131,-5.776,6.130,-19.294,1.674,5.132,10.049,5.667,-5.272,0.000,0.000,0.000,945.030,31.390,583.777,45.0000000,-122.0000000,583.780,0.000,0.000,0.000,8,00:00:00,0.000,0.000,0.000
22.192,571.283,22.192,5,-32.090,-19.965,537.591,-37.568,-13.372,-72.307,1.088,-0.229,-13.743,1.676,5.406,3.857,-0.417,1.286,0.000,0.000,0.000,946.450,31.350,571.283,45.0000000,-122.0000000,571.280,0.000,0.000,0.000,8,00:00:00,0.000,0.000,0.000
22.462,559.244,22.462,5,-37.674,-21.046,526.900,-36.752,-13.046,-71.828,-0.566,-0.795,-11.072,1.678,5.676,1.250,-0.855,-0.503,0.000,0.000,0.000,947.820,31.320,559.244,45.0000000,-122.0000000,559.240,0.000,0.000,0.000,8,00:00:00,0.000,0.000,0.000
22.736,563.197,22.736,5,-42.875,-22.039,518.745,-38.191,-13.208,-70.785,-9.276,-2.659,-12.642,3.105,5.950,2.916,-2.801,-9.208,0.000,0.000,0.000,947.370,31.310,563.197,45.0000000,-122.0000000,563.200,0.000,0.000,0.000,8,00:00:00,0.000,0.000,0.000
23.01,554.414,23.010,5,-48.105,-22.730,510.819,-41.517,-11.465,-68.917,-16.662,4.223,-9.390,3.109,6.224,0.237,4.259,-16.657,0.000,0.000,0.000,948.370,31.300,554.414,45.0000000,-122.0000000,554.410,0.000,0.000,0.000,8,00:00:00,0.000,0.000,0.000
23.285,537.923,23.285,5,-53.245,-23.055,501.735,-41.731,-10.761,-67.203,-5.773,0.398,-7.641,3.114,6.499,-1.997,0.524,-5.825,0.000,0.000,0.000,950.250,31.250,537.923,45.0000000,-122.0000000,537.920,0.000,0.000,0.000,8,00:00:00,0.000,0.000,0.000
23.555,531.44,23.555,5,-57.711,-22.924,493.797,-41.963,-8.374,-65.191,-6.366,6.651,-7.103,3.737,6.769,-2.413,6.759,-6.371,0.000,0.000,0.000,950.990,31.190,531.439,45.0000000,-122.0000000,531.440,0.000,0.000,0.000,8,00:00:00,0.000,0.000,0.000
23.824,536.872,23.824,5,-61.443,-21.559,488.901,-39.811,-0.433,-61.428,2.122,27.458,-3.855,3.742,7.038,-4.956,27.654,2.140,0.000,0.000,0.000,950.370,31.160,536.872,45.0000000,-122.0000000,536.870,0.000,0.000,0.000,8,00:00:00,0.000,0.000,0.000
24.099,521.896,24.099,5,-64.579,-18.777,482.573,-38.587,4.504,-59.395,-1.599,16.196,-7.419,3.747,7.313,-1.781,16.276,-1.580,0.000,0.000,0.000,952.080,31.130,521.896,45.0000000,-122.0000000,521.900,0.000,0.000,0.000,8,00:00:00,0.000,0.000,0.000
24.374,508.341,24.374,5,-67.109,-15.496,475.498,-37.655,6.001,-56.829,-2.909,3.988,-3.497,3.752,7.588,-6.141,4.224,-2.945,0.000,0.000,0.000,953.630,31.110,508.341,45.0000000,-122.0000000,508.340,0.000,0.000,0.000,8,00:00:00,0.000,0.000,0.000
24.646,502.575,24.646,5,-68.873,-12.209,469.390,-35.346,7.526,-54.108,1.956,4.448,-3.061,3.757,7.860,-6.594,4.690,1.918,0.000,0.000,0.000,954.290,31.110,502.575,45.0000000,-122.0000000,502.570,0.000,0.000,0.000,8,00:00:00,0.000,0.000,0.000
24.92,501.264,24.920,5,-69.883,-8.637,464.569,-32.515,11.072,-52.201,3.749,12.127,-7.118,3.762,8.134,-2.270,12.211,3.757,0.000,0.000,0.000,954.440,31.120,501.264,45.0000000,-122.0000000,501.260,0.000,0.000,0.000,8,00:00:00,0.000,0.000,0.000
25.193,494.978,25.193,5,-70.281,-4.505,460.013,-31.484,15.286,-49.837,-2.873,15.010,-4.930,3.767,8.407,-4.303,15.185,-2.873,0.000,0.000,0.000,955.160,31.110,494.978,45.0000000,-122.0000000,494.980,0.000,0.000,0.000,8,00:00:00,0.000,0.000,0.000
25.466,483.812,25.466,5,-70.131,0.009,454.696,-28.382,17.787,-48.513,4.728,9.163,-6.907,3.150,8.680,-2.866,9.194,4.690,0.000,0.000,0.000,956.440,31.100,483.812,45.0000000,-122.0000000,483.810,0.000,0.000,0.000,8,00:00:00,0.000,0.000,0.000
25.718,475.707,25.718,5,-68.725,3.953,449.970,-24.763,17.214,-46.869,7.378,-1.872,-4.885,1.956,8.932,-5.243,-1.789,7.176,0.000,0.000,0.000,957.370,31.080,475.707,45.0000000,-122.0000000,475.710,0.000,0.000,0.000,8,00:00:00,0.000,0.000,0.000
25.989,469.349,25.989,5,-66.859,7.386,444.611,-19.536,14.537,-44.806,12.969,-9.183,-2.702,1.959,9.203,-7.779,-9.065,12.663,0.000,0.000,0.000,958.100,31.070,469.349,45.0000000,-122.0000000,469.350,0.000,0.000,0.000,8,00:00:00,0.000,0.000,0.000
26.263,463.082,26.263,5,-64.045,9.900,439.365,-15.005,12.327,-43.591,10.542,-7.136,-5.487,1.962,9.477,-4.863,-7.068,10.351,0.000,0.000,0.000,958.820,31.070,463.082,45.0000000,-122.0000000,463.080,0.000,0.000,0.000,8,00:00:00,0.000,0.000,0.000
26.534,454.298,26.534,5,-60.196,11.691,433.869,-8.956,11.063,-42.499,16.621,-3.559,-4.981,1.964,9.748,-5.538,-3.491,16.413,0.000,0.000,0.000,959.830,31.070,454.298,45.0000000,-122.0000000,454.300,0.000,0.000,0.000,8,00:00:00,0.000,0.000,0.000
26.808,451.256,26.808,5,-55.833,12.769,428.785,-7.288,7.801,-42.925,0.855,-10.707,-11.122,1.967,10.022,1.077,-10.731,0.883,0.000,0.000,0.000,960.180,31.070,451.255,45.0000000,-122.0000000,451.260,0.000,0.000,0.000,8,00:00:00,0.000,0.000,0.000
27.083,447.866,27.083,5,-51.462,12.522,424.072,-5.151,1.163,-41.698,2.955,-22.966,-5.510,1.969,10.297,-4.841,-22.885,2.737,0.000,0.000,0.000,960.570,31.070,447.866,45.0000000,-122.0000000,447.870,0.000,0.000,0.000,8,00:00:00,0.000,0.000,0.000
27.354,434.668,27.354,5,-47.085,11.239,418.051,-3.616,-0.821,-42.451,1.196,-6.255,-10.635,1.972,10.568,0.661,-6.271,1.214,0.000,0.000,0.000,962.090,31.060,434.668,45.0000000,-122.0000000,434.670,0.000,0.000,0.000,8,00:00:00,0.000,0.000,0.000
27.627,427.122,27.627,5,-42.824,9.462,411.859,-2.267,-4.002,-40.214,0.901,-10.759,0.810,1.975,10.841,-10.846,-10.559,0.467,0.000,0.000,0.000,962.960,31.050,427.122,45.0000000,-122.0000000,427.120,0.000,0.000,0.000,8,00:00:00,0.000,0.000,0.000
27.903,420.707,27.903,5,-38.727,7.348,405.873,-1.278,-5.016,-39.488,-0.035,-2.987,-4.566,1.977,11.117,-5.294,-2.888,-0.244,0.000,0.000,0.000,963.700,31.040,420.708,45.0000000,-122.0000000,420.710,0.000,0.000,0.000,8,00:00:00,0.000,0.000,0.000
28.177,416.982,28.177,5,-34.935,5.163,400.585,-1.274,-6.466,-38.221,-3.274,-4.806,-3.117,2.504,11.391,-6.752,-4.575,-3.477,0.000,0.000,0.000,964.130,31.030,416.982,45.0000000,-122.0000000,416.980,0.000,0.000,0.000,8,00:00:00,0.000,0.000,0.000
28.446,414.297,28.446,6,-31.619,2.617,396.179,-1.911,-10.156,-37.048,-5.397,-13.468,-4.049,2.507,0.000,-6.048,-13.260,-5.595,0.000,0.000,0.000,964.440,31.030,414.297,45.0000000,-122.0000000,414.300,0.000,0.000,0.000,8,00:00:00,0.000,0.000,0.000
28.698,406.679,28.698,6,-28.611,-0.411,391.865,-0.932,-14.265,-36.451,0.982,-16.345,-5.371,2.510,0.252,-5.006,-16.190,0.812,0.000,0.000,0.000,965.320,31.020,406.679,45.0000000,-122.0000000,406.680,0.000,0.000,0.000,8,00:00:00,0.000,0.000,0.000
28.97,400.709,28.970,6,-25.756,-4.409,386.721,-0.333,-18.940,-36.401,-0.218,-17.602,-6.751,2.513,0.524,-3.635,-17.490,-0.352,0.000,0.000,0.000,966.010,31.010,400.709,45.0000000,-122.0000000,400.710,0.000,0.000,0.000,8,00:00:00,0.000,0.000,0.000
29.242,390.422,29.242,6,-23.129,-8.796,380.551,-0.351,-20.921,-37.622,-2.244,-8.114,-10.160,2.517,0.796,0.144,-8.117,-2.255,0.000,0.000,0.000,967.200,31.000,390.423,45.0000000,-122.0000000,390.420,0.000,0.000,0.000,8,00:00:00,0.000,0.000,0.000
29.515,384.376,29.515,6,-21.195,-13.243,374.250,-3.767,-23.081,-37.551,-14.505,-9.153,-5.482,2.520,1.069,-4.216,-8.979,-14.646,0.000,0.000,0.000,967.900,30.990,384.376,45.0000000,-122.0000000,384.380,0.000,0.000,0.000,8,00:00:00,0.000,0.000,0.000
29.788,375.659,29.788,6,-19.918,-17.602,367.563,-4.067,-24.050,-37.325,-2.970,-5.206,-4.299,2.523,1.342,-5.595,-5.014,-3.139,0.000,0.000,0.000,968.910,30.990,375.658,45.0000000,-122.0000000,375.660,0.000,0.000,0.000,8,00:00:00,0.000,0.000,0.000
30.059,374.882,30.059,6,-19.125,-21.223,362.031,-6.725,-21.141,-37.119,-11.618,8.725,-5.890,2.527,1.613,-3.297,8.871,-11.701,0.000,0.000,0.000,969.000,30.970,374.882,45.0000000,-122.0000000,374.880,0.000,0.000,0.000,8,00:00:00,0.000,0.000,0.000
30.332,369.793,30.332,6,-19.240,-24.025,356.639,-10.743,-20.153,-36.271,-16.528,1.360,-3.603,2.530,1.886,-5.689,1.595,-16.693,0.000,0.000,0.000,969.590,30.950,369.793,45.0000000,-122.0000000,369.790,0.000,0.000,0.000,8,00:00:00,0.000,0.000,0.000
30.604,360.916,30.604,6,-20.100,-26.418,350.752,-13.026,-20.367,-36.337,-10.291,-3.284,-6.048,2.533,2.158,-3.577,-3.139,-10.401,0.000,0.000,0.000,970.620,30.910,360.915,45.0000000,-122.0000000,360.920,0.000,0.000,0.000,8,00:00:00,0.000,0.000,0.000
30.88,352.39,30.880,6,-21.312,-28.304,344.277,-14.015,-17.550,-36.352,-5.571,7.569,-5.155,3.439,2.434,-4.475,7.643,-5.617,0.000,0.000,0.000,971.610,30.870,352.390,45.0000000,-122.0000000,352.390,0.000,0.000,0.000,8,00:00:00,0.000,0.000,0.000
31.151,349.549,31.151,6,-22.532,-29.247,338.584,-14.655,-14.932,-36.443,-4.504,6.882,-6.426,4.582,2.705,-3.433,6.867,-4.489,0.000,0.000,0.000,971.940,30.830,349.549,45.0000000,-122.0000000,349.550,0.000,0.000,0.000,8,00:00:00,0.000,0.000,0.000
31.402,343.011,31.402,6,-23.725,-29.396,333.275,-17.056,-13.775,-36.620,-11.978,1.620,-6.770,4.588,2.956,-3.053,1.623,-11.974,0.000,0.000,0.000,972.700,30.780,343.011,45.0000000,-122.0000000,343.010,0.000,0.000,0.000,8,00:00:00,0.000,0.000,0.000
31.67,335.273,31.670,6,-25.639,-29.612,327.012,-19.653,-13.731,-36.488,-12.127,-2.654,-4.722,4.594,3.224,-5.071,-2.665,-12.132,0.000,0.000,0.000,973.600,30.750,335.273,45.0000000,-122.0000000,335.270,0.000,0.000,0.000,8,00:00:00,0.000,0.000,0.000
31.922,325.567,31.922,6,-27.330,-29.543,320.453,-19.046,-13.045,-38.118,-0.337,-0.246,-10.914,4.600,3.476,1.106,-0.237,-0.338,0.000,0.000,0.000,974.730,30.720,325.566,45.0000000,-122.0000000,325.570,0.000,0.000,0.000,8,00:00:00,0.000,0.000,0.000
32.2,320.073,32.200,6,-28.961,-30.195,313.248,-17.012,-17.009,-36.844,4.666,-17.020,-0.000,4.606,3.754,-9.682,-17.102,4.633,0.000,0.000,0.000,975.370,30.720,320.073,45.0000000,-122.0000000,320.070,0.000,0.000,0.000,8,00:00:00,0.000,0.000,0.000
32.471,316.726,32.471,6,-30.192,-31.214,307.085,-18.127,-17.447,-36.869,-6.951,-4.549,-5.683,5.451,4.024,-4.295,-4.511,-6.874,0.000,0.000,0.000,975.760,30.730,316.727,45.0000000,-122.0000000,316.730,0.000,0.000,0.000,8,00:00:00,0.000,0.000,0.000
32.743,307.209,32.743,6,-31.488,-32.345,300.371,-18.519,-18.725,-36.318,-4.392,-7.728,-2.688,5.458,4.297,-7.255,-7.678,-4.259,0.000,0.000,0.000,976.870,30.730,307.208,45.0000000,-122.0000000,307.210,0.000,0.000,0.000,8,00:00:00,0.000,0.000,0.000
33.019,297.87,33.019,6,-32.605,-33.679,293.250,-17.304,-19.588,-35.439,1.385,-6.247,-0.807,5.465,4.573,-9.007,-6.199,1.559,0.000,0.000,0.000,977.960,30.720,297.871,45.0000000,-122.0000000,297.870,0.000,0.000,0.000,8,00:00:00,0.000,0.000,0.000
33.294,290.937,33.294,6,-33.357,-34.854,286.398,-16.711,-18.778,-34.574,-0.952,-0.304,-0.853,5.619,4.848,-8.979,-0.244,-0.740,0.000,0.000,0.000,978.770,30.710,290.937,45.0000000,-122.0000000,290.940,0.000,0.000,0.000,8,00:00:00,0.000,0.000,0.000
33.566,286.744,33.566,6,-33.897,-35.762,280.147,-16.620,-18.867,-35.059,-2.860,-3.698,-6.468,5.627,5.120,-3.433,-3.670,-2.787,0.000,0.000,0.000,979.260,30.720,286.744,45.0000000,-122.0000000,286.740,0.000,0.000,0.000,8,00:00:00,0.000,0.000,0.000
33.836,280.075,33.836,6,-34.420,-36.871,273.890,-17.277,-21.519,-34.475,-5.704,-13.320,-2.424,5.634,5.390,-7.607,-13.260,-5.552,0.000,0.000,0.000,980.040,30.720,280.075,45.0000000,-122.0000000,280.070,0.000,0.000,0.000,8,00:00:00,0.000,0.000,0.000
34.111,273.75,34.111,6,-34.909,-38.327,267.485,-16.224,-21.936,-35.036,0.572,-5.098,-6.581,5.641,5.665,-3.247,-5.078,0.639,0.000,0.000,0.000,980.780,30.720,273.751,45.0000000,-122.0000000,273.750,0.000,0.000,0.000,8,00:00:00,0.000,0.000,0.000
34.385,265.296,34.385,6,-35.079,-39.698,260.707,-15.251,-22.292,-34.863,0.257,-5.025,-3.413,5.649,5.939,-6.421,-4.985,0.402,0.000,0.000,0.000,981.770,30.720,265.296,45.0000000,-122.0000000,265.300,0.000,0.000,0.000,8,00:00:00,0.000,0.000,0.000
34.655,261.626,34.655,6,-35.111,-40.886,254.660,-15.692,-22.269,-34.427,-4.972,-3.805,-3.233,6.382,6.209,-6.831,-3.678,-4.719,0.000,0.000,0.000,982.200,30.730,261.627,45.0000000,-122.0000000,261.630,0.000,0.000,0.000,8,00:00:00,0.000,0.000,0.000
34.906,255.57,34.906,6,-35.074,-41.544,249.187,-16.800,-21.804,-34.244,-7.974,-2.364,-4.209,7.497,6.460,-6.113,-2.212,-7.635,0.000,0.000,0.000,982.910,30.710,255.570,45.0000000,-122.0000000,255.570,0.000,0.000,0.000,8,00:00:00,0.000,0.000,0.000
35.176,248.92,35.176,6,-35.517,-42.359,242.990,-17.298,-20.988,-34.183,-5.199,-0.977,-4.231,7.507,6.730,-5.897,-0.833,-4.863,0.000,0.000,0.000,983.690,30.700,248.920,45.0000000,-122.0000000,248.920,0.000,0.000,0.000,8,00:00:00,0.000,0.000,0.000
35.45,241.593,35.450,6,-36.098,-42.870,236.636,-17.850,-19.448,-32.960,-5.381,1.625,0.353,7.517,7.004,-10.422,1.875,-4.769,0.000,0.000,0.000,984.550,30.680,241.593,45.0000000,-122.0000000,241.590,0.000,0.000,0.000,8,00:00:00,0.000,0.000,0.000
35.723,236.399,35.723,6,-36.615,-42.820,230.640,-17.454,-17.047,-33.120,-1.978,4.783,-4.972,7.526,7.277,-4.834,4.899,-1.681,0.000,0.000,0.000,985.160,30.680,236.399,45.0000000,-122.0000000,236.400,0.000,0.000,0.000,8,00:00:00,0.000,0.000,0.000
36.0,232.144,36.000,6,-37.409,-42.165,224.980,-20.099,-14.078,-31.859,-13.014,6.812,-0.227,7.537,7.554,-10.178,7.068,-12.412,0.000,0.000,0.000,985.660,30.650,232.144,45.0000000,-122.0000000,232.140,0.000,0.000,0.000,8,00:00:00,0.000,0.000,0.000
36.274,223.298,36.274,6,-38.448,-41.046,218.877,-20.591,-13.107,-32.816,-5.399,-0.306,-7.476,7.546,7.828,-2.658,-0.237,-5.251,0.000,0.000,0.000,986.700,30.590,223.298,45.0000000,-122.0000000,223.300,0.000,0.000,0.000,8,00:00:00,0.000,0.000,0.000
36.542,216.499,36.542,6,-39.477,-39.841,212.723,-21.832,-12.953,-32.627,-8.410,-3.238,-3.155,7.556,8.096,-7.219,-3.060,-8.002,0.000,0.000,0.000,987.500,30.550,216.499,45.0000000,-122.0000000,216.500,0.000,0.000,0.000,8,00:00:00,0.000,0.000,0.000
36.794,210.214,36.794,6,-40.256,-38.254,206.979,-21.782,-10.035,-32.565,-3.868,7.715,-3.621,8.181,8.348,-6.400,7.757,-3.412,0.000,0.000,0.000,988.240,30.510,210.214,45.0000000,-122.0000000,210.210,0.000,0.000,0.000,8,00:00:00,0.000,0.000,0.000
37.068,204.866,37.068,6,-41.376,-36.349,200.719,-21.782,-7.143,-32.585,-3.855,7.171,-3.926,9.005,8.622,-6.271,7.097,-3.347,0.000,0.000,0.000,988.870,30.460,204.866,45.0000000,-122.0000000,204.870,0.000,0.000,0.000,8,00:00:00,0.000,0.000,0.000
37.342,198.842,37.342,6,-42.269,-33.914,194.460,-20.951,-4.141,-33.008,-0.908,7.795,-5.484,9.607,8.896,-4.676,7.628,-0.503,0.000,0.000,0.000,989.580,30.420,198.843,45.0000000,-122.0000000,198.840,0.000,0.000,0.000,8,00:00:00,0.000,0.000,0.000
37.616,191.127,37.616,6,-42.975,-31.123,187.862,-21.092,-2.205,-33.365,-4.531,4.155,-4.911,9.619,9.170,-5.409,3.979,-4.087,0.000,0.000,0.000,990.490,30.400,191.127,45.0000000,-122.0000000,191.130,0.000,0.000,0.000,8,00:00:00,0.000,0.000,0.000
37.892,185.196,37.892,6,-43.725,-28.421,181.265,-21.691,-2.491,-33.632,-6.238,-3.680,-4.768,10.446,9.446,-5.552,-3.800,-5.710,0.000,0.000,0.000,991.190,30.400,185.196,45.0000000,-122.0000000,185.200,0.000,0.000,0.000,8,00:00:00,0.000,0.000,0.000
38.164,176.814,38.164,6,-44.308,-26.243,174.438,-21.026,-4.251,-33.606,-1.738,-8.947,-3.278,10.460,9.718,-6.436,-9.115,-1.106,0.000,0.000,0.000,992.180,30.390,176.814,45.0000000,-122.0000000,176.810,0.000,0.000,0.000,8,00:00:00,0.000,0.000,0.000
38.416,170.468,38.416,6,-44.182,-24.566,168.240,-19.102,-5.311,-33.523,3.170,-6.692,-3.209,9.786,9.970,-6.206,-6.766,3.757,0.000,0.000,0.000,992.930,30.360,170.468,45.0000000,-122.0000000,170.470,0.000,0.000,0.000,8,00:00:00,0.000,0.000,0.000
38.683,162.774,38.683,6,-44.056,-23.357,161.478,-18.562,-6.095,-32.520,-2.181,-5.163,0.714,9.799,10.237,-10.631,-5.265,-1.192,0.000,0.000,0.000,993.840,30.360,162.774,45.0000000,-122.0000000,162.770,0.000,0.000,0.000,8,00:00:00,0.000,0.000,0.000
38.956,158.211,38.956,6,-44.194,-22.164,155.200,-20.367,-4.188,-31.239,-10.739,4.915,1.175,9.812,10.510,-12.003,4.827,-9.632,0.000,0.000,0.000,994.380,30.360,158.211,45.0000000,-122.0000000,158.210,0.000,0.000,0.000,8,00:00:00,0.000,0.000,0.000
39.229,151.032,39.229,6,-44.775,-20.682,149.173,-22.369,-2.727,-28.941,-11.522,3.419,5.247,9.825,10.783,-16.118,3.290,-10.027,0.000,0.000,0.000,995.230,30.360,151.032,45.0000000,-122.0000000,151.030,0.000,0.000,0.000,8,00:00:00,0.000,0.000,0.000
39.499,145.63,39.499,6,-44.908,-19.339,144.134,-17.658,-4.137,-24.020,13.200,-7.052,15.129,9.837,11.053,-23.495,-7.341,15.493,0.000,0.000,0.000,995.870,30.370,145.630,45.0000000,-122.0000000,145.630,0.000,0.000,0.000,8,00:00:00,0.000,0.000,0.000
39.77,140.737,39.770,6,-44.378,-18.276,140.097,-16.892,-3.853,-20.026,-1.361,-0.675,11.917,9.850,11.324,-21.750,-0.898,0.718,0.000,0.000,0.000,996.450,30.370,140.737,45.0000000,-122.0000000,140.740,0.000,0.000,0.000,8,00:00:00,0.000,0.000,0.000
40.042,137.448,40.042,6,-44.009,-17.024,136.715,-18.424,-1.658,-19.206,-9.771,6.468,0.174,9.863,11.596,-10.939,6.386,-8.749,0.000,0.000,0.000,996.840,30.370,137.448,45.0000000,-122.0000000,137.450,0.000,0.000,0.000,8,00:00:00,0.000,0.000,0.000
40.316,135.088,40.316,6,-43.684,-15.622,133.741,-16.730,-1.530,-17.750,2.099,-0.996,2.295,9.876,11.870,-11.837,-1.128,3.247,0.000,0.000,0.000,997.120,30.370,135.088,45.0000000,-122.0000000,135.090,0.000,0.000,0.000,8,00:00:00,0.000,0.000,0.000
40.588,133.065,40.588,6,-42.768,-14.466,131.262,-13.578,-2.499,-16.577,7.555,-4.924,1.125,9.889,12.142,-10.106,-5.057,8.555,0.000,0.000,0.000,997.360,30.370,133.065,45.0000000,-122.0000000,133.060,0.000,0.000,0.000,8,00:00:00,0.000,0.000,0.000
40.858,130.537,40.858,6,-41.507,-13.541,129.018,-13.291,-2.465,-15.805,-2.879,-1.162,-0.259,10.288,12.412,-9.790,-1.228,-1.875,0.000,0.000,0.000,997.660,30.370,130.537,45.0000000,-122.0000000,130.540,0.000,0.000,0.000,8,00:00:00,0.000,0.000,0.000
41.11,129.02,41.110,6,-40.241,-12.644,127.281,-14.059,-2.160,-15.064,-7.106,-0.067,-0.428,10.301,12.664,-10.070,-0.122,-6.091,0.000,0.000,0.000,997.840,30.360,129.020,45.0000000,-122.0000000,129.020,0.000,0.000,0.000,8,00:00:00,0.000,0.000,0.000
41.386,126.746,41.386,6,-39.464,-11.822,125.301,-13.820,-1.924,-14.451,-2.783,-0.237,-0.783,10.753,12.940,-9.280,-0.294,-1.753,0.000,0.000,0.000,998.110,30.360,126.746,45.0000000,-122.0000000,126.750,0.000,0.000,0.000,8,00:00:00,0.000,0.000,0.000
41.657,125.314,41.657,6,-38.476,-11.044,123.673,-12.196,-1.895,-13.354,2.367,-0.932,0.925,10.767,13.211,-10.394,-1.013,3.556,0.000,0.000,0.000,998.280,30.350,125.314,45.0000000,-122.0000000,125.310,0.000,0.000,0.000,8,00:00:00,0.000,0.000,0.000
41.908,123.377,41.908,6,-36.986,-10.328,122.410,-10.302,-1.995,-12.456,3.812,-1.441,0.471,10.780,13.462,-9.776,-1.523,4.942,0.000,0.000,0.000,998.510,30.350,123.377,45.0000000,-122.0000000,123.380,0.000,0.000,0.000,8,00:00:00,0.000,0.000,0.000
42.183,121.188,42.183,6,-35.592,-9.721,120.918,-9.765,-1.844,-11.734,-1.336,-0.351,-0.013,10.988,13.737,-9.884,-0.409,-0.187,0.000,0.000,0.000,998.770,30.350,121.188,45.0000000,-122.0000000,121.190,0.000,0.000,0.000,8,00:00:00,0.000,0.000,0.000
42.454,119.673,42.454,6,-34.337,-9.009,119.595,-10.591,-0.668,-11.299,-6.272,3.496,-1.022,11.002,14.008,-9.481,3.455,-5.193,0.000,0.000,0.000,998.950,30.350,119.673,45.0000000,-122.0000000,119.670,0.000,0.000,0.000,8,00:00:00,0.000,0.000,0.000
42.726,117.737,42.726,6,-33.310,-8.163,118.268,-10.525,-0.140,-10.773,-2.875,1.174,-0.503,11.487,14.280,-9.603,1.092,-1.688,0.000,0.000,0.000,999.180,30.340,117.737,45.0000000,-122.0000000,117.740,0.000,0.000,0.000,8,00:00:00,0.000,0.000,0.000
42.999,116.223,42.999,6,-32.190,-7.403,117.116,-8.914,-0.652,-9.392,2.889,-2.568,2.734,11.502,14.553,-12.060,-2.694,4.425,0.000,0.000,0.000,999.360,30.340,116.223,45.0000000,-122.0000000,116.220,0.000,0.000,0.000,8,00:00:00,0.000,0.000,0.000
43.273,114.54,43.273,6,-30.855,-6.834,116.117,-7.789,-1.047,-8.558,1.228,-2.078,0.935,11.517,14.827,-10.487,-2.184,2.557,0.000,0.000,0.000,999.560,30.330,114.540,45.0000000,-122.0000000,114.540,0.000,0.000,0.000,8,00:00:00,0.000,0.000,0.000
43.543,112.857,43.543,6,-29.536,-6.314,115.166,-8.149,-0.596,-8.142,-4.133,1.072,-0.369,12.153,15.097,-9.927,0.963,-2.808,0.000,0.000,0.000,999.760,30.330,112.857,45.0000000,-122.0000000,112.860,0.000,0.000,0.000,8,00:00:00,0.000,0.000,0.000
43.813,111.343,43.813,6,-28.423,-5.737,114.082,-8.343,-0.125,-8.861,-3.410,1.202,-4.441,12.168,15.367,-5.797,1.142,-2.643,0.000,0.000,0.000,999.940,30.330,111.343,45.0000000,-122.0000000,111.340,0.000,0.000,0.000,8,00:00:00,0.000,0.000,0.000
44.087,108.989,44.087,6,-27.472,-5.112,112.640,-8.305,0.294,-9.102,-2.430,1.052,-2.348,12.184,15.641,-7.736,0.963,-1.386,0.000,0.000,0.000,1000.220,30.320,108.989,45.0000000,-122.0000000,108.990,0.000,0.000,0.000,8,00:00:00,0.000,0.000,0.000
44.358,107.812,44.358,6,-26.509,-4.479,111.370,-7.621,0.487,-7.932,0.021,0.288,2.800,12.200,15.912,-12.491,0.129,1.745,0.000,0.000,0.000,1000.360,30.330,107.812,45.0000000,-122.0000000,107.810,0.000,0.000,0.000,8,00:00:00,0.000,0.000,0.000
44.632,106.046,44.632,6,-25.489,-3.877,110.170,-6.858,0.571,-7.543,0.397,-0.056,0.091,12.153,16.186,-9.754,-0.180,1.738,0.000,0.000,0.000,1000.570,30.320,106.046,45.0000000,-122.0000000,106.050,0.000,0.000,0.000,8,00:00:00,0.000,0.000,0.000
44.907,103.861,44.907,6,-24.476,-3.324,108.877,-6.787,0.600,-7.158,-2.031,-0.205,0.351,12.459,16.461,-10.343,-0.323,-0.575,0.000,0.000,0.000,1000.830,30.310,103.861,45.0000000,-122.0000000,103.860,0.000,0.000,0.000,8,00:00:00,0.000,0.000,0.000
45.182,101.676,45.182,7,-23.630,-2.825,107.441,-7.381,0.601,-7.420,-4.372,-0.262,-1.773,13.192,0.000,-8.612,-0.345,-3.081,0.000,0.000,0.000,1001.090,30.310,101.676,45.0000000,-122.0000000,101.680,0.000,0.000,0.000,8,00:00:00,0.000,0.000,0.000
45.451,99.996,45.451,7,-22.984,-2.278,106.081,-8.012,1.465,-6.404,-4.544,2.997,3.042,13.208,0.269,-13.432,2.859,-2.492,0.000,0.000,0.000,1001.290,30.310,99.996,45.0000000,-122.0000000,100.000,0.000,0.000,0.000,8,00:00:00,0.000,0.000,0.000
45.725,98.148,45.725,7,-22.498,-1.648,104.809,-7.862,1.712,-5.618,-1.563,0.747,2.327,13.226,0.543,-12.240,0.611,0.338,0.000,0.000,0.000,1001.510,30.300,98.148,45.0000000,-122.0000000,98.150,0.000,0.000,0.000,8,00:00:00,0.000,0.000,0.000
45.999,95.796,45.999,7,-22.024,-1.108,103.481,-7.699,1.266,-5.197,-1.479,-1.735,1.313,13.243,0.817,-11.198,-1.860,0.259,0.000,0.000,0.000,1001.790,30.300,95.796,45.0000000,-122.0000000,95.800,0.000,0.000,0.000,8,00:00:00,0.000,0.000,0.000
46.273,94.201,46.273,7,-21.592,-0.652,102.185,-7.823,1.502,-4.923,-2.484,0.801,0.873,13.260,1.091,-10.947,0.682,-0.790,0.000,0.000,0.000,1001.980,30.290,94.200,45.0000000,-122.0000000,94.200,0.000,0.000,0.000,8,00:00:00,0.000,0.000,0.000
46.543,92.773,46.543,7,-21.243,-0.147,100.899,-8.223,2.114,-5.046,-3.509,2.253,-0.544,13.849,1.361,-9.754,2.097,-1.925,0.000,0.000,0.000,1002.150,30.290,92.773,45.0000000,-122.0000000,92.770,0.000,0.000,0.000,8,00:00:00,0.000,0.000,0.000
46.817,90.842,46.817,7,-21.058,0.408,99.450,-8.631,2.285,-5.203,-3.473,0.662,-0.508,14.411,1.635,-9.776,0.488,-1.796,0.000,0.000,0.000,1002.380,30.290,90.842,45.0000000,-122.0000000,90.840,0.000,0.000,0.000,8,00:00:00,0.000,0.000,0.000
47.09,88.912,47.090,7,-20.923,0.902,97.901,-8.549,2.117,-5.213,-1.676,-0.528,0.146,14.663,1.908,-10.085,-0.704,0.129,0.000,0.000,0.000,1002.610,30.280,88.912,45.0000000,-122.0000000,88.910,0.000,0.000,0.000,8,00:00:00,0.000,0.000,0.000
47.361,87.402,47.361,7,-20.751,1.314,96.361,-8.325,2.074,-5.266,-1.149,-0.034,-0.020,14.854,2.179,-9.833,-0.208,0.654,0.000,0.000,0.000,1002.790,30.280,87.402,45.0000000,-122.0000000,87.400,0.000,0.000,0.000,8,00:00:00,0.000,0.000,0.000
47.633,85.64,47.633,7,-20.608,1.695,94.804,-8.570,2.201,-4.971,-2.852,0.628,1.325,14.873,2.451,-11.478,0.431,-0.769,0.000,0.000,0.000,1003.000,30.280,85.640,45.0000000,-122.0000000,85.640,0.000,0.000,0.000,8,00:00:00,0.000,0.000,0.000
47.906,83.878,47.906,7,-20.562,2.084,93.208,-8.939,2.460,-5.249,-3.295,1.144,-0.727,15.433,2.724,-9.568,0.955,-1.487,0.000,0.000,0.000,1003.210,30.270,83.878,45.0000000,-122.0000000,83.880,0.000,0.000,0.000,8,00:00:00,0.000,0.000,0.000
48.179,82.117,48.179,7,-20.590,2.479,91.485,-9.148,2.586,-5.848,-2.709,0.697,-1.893,15.453,2.997,-8.303,0.532,-1.135,0.000,0.000,0.000,1003.420,30.250,82.117,45.0000000,-122.0000000,82.120,0.000,0.000,0.000,8,00:00:00,0.000,0.000,0.000
48.451,80.607,48.451,7,-20.697,2.812,89.825,-9.677,2.314,-5.055,-3.909,-0.734,3.173,15.472,3.269,-13.475,-1.006,-1.343,0.000,0.000,0.000,1003.600,30.240,80.607,45.0000000,-122.0000000,80.610,0.000,0.000,0.000,8,00:00:00,0.000,0.000,0.000
48.724,79.014,48.724,7,-20.850,3.068,88.264,-9.553,2.227,-5.042,-1.516,-0.030,0.313,15.713,3.542,-10.221,-0.244,0.503,0.000,0.000,0.000,1003.790,30.240,79.014,45.0000000,-122.0000000,79.010,0.000,0.000,0.000,8,00:00:00,0.000,0.000,0.000
48.998,77.169,48.998,7,-20.975,3.305,86.578,-9.514,2.360,-5.677,-1.836,0.797,-2.003,15.733,3.816,-8.030,0.632,-0.259,0.000,0.000,0.000,1004.010,30.230,77.170,45.0000000,-122.0000000,77.170,0.000,0.000,0.000,8,00:00:00,0.000,0.000,0.000
49.272,75.493,49.272,7,-21.032,3.533,84.560,-9.126,2.368,-7.999,-0.568,0.363,-8.268,15.754,4.090,-1.631,0.330,-0.251,0.000,0.000,0.000,1004.210,30.220,75.493,45.0000000,-122.0000000,75.490,0.000,0.000,0.000,8,00:00:00,0.000,0.000,0.000
49.542,73.649,49.542,7,-21.072,3.759,82.398,-9.687,2.608,-7.456,-4.089,1.250,2.121,15.774,4.360,-12.527,0.998,-1.645,0.000,0.000,0.000,1004.430,30.230,73.649,45.0000000,-122.0000000,73.650,0.000,0.000,0.000,8,00:00:00,0.000,0.000,0.000
49.793,71.89,49.793,7,-21.029,3.927,80.475,-9.704,2.412,-7.559,-2.212,-0.382,-0.349,16.097,4.611,-9.704,-0.575,-0.244,0.000,0.000,0.000,1004.640,30.220,71.890,45.0000000,-122.0000000,71.890,0.000,0.000,0.000,8,00:00:00,0.000,0.000,0.000
50.062,70.466,50.062,7,-21.156,4.081,78.491,-9.722,2.304,-7.778,-2.078,-0.013,-0.931,16.454,4.880,-9.115,-0.194,-0.172,0.000,0.000,0.000,1004.810,30.220,70.466,45.0000000,-122.0000000,70.470,0.000,0.000,0.000,8,00:00:00,0.000,0.000,0.000
50.336,68.874,50.336,7,-21.328,4.225,76.532,-9.848,2.371,-7.679,-2.454,0.638,0.133,16.852,5.154,-10.250,0.417,-0.244,0.000,0.000,0.000,1005.000,30.220,68.874,45.0000000,-122.0000000,68.870,0.000,0.000,0.000,8,00:00:00,0.000,0.000,0.000
50.612,66.78,50.612,7,-21.525,4.379,74.546,-9.965,2.484,-7.697,-2.425,0.816,-0.258,17.267,5.430,-9.869,0.582,-0.230,0.000,0.000,0.000,1005.250,30.210,66.780,45.0000000,-122.0000000,66.780,0.000,0.000,0.000,8,00:00:00,0.000,0.000,0.000
50.888,65.105,50.888,7,-21.736,4.571,72.585,-10.173,2.825,-7.949,-2.781,1.663,-1.199,17.798,5.706,-9.065,1.408,-0.704,0.000,0.000,0.000,1005.450,30.200,65.105,45.0000000,-122.0000000,65.110,0.000,0.000,0.000,8,00:00:00,0.000,0.000,0.000
51.157,63.347,51.157,7,-21.933,4.772,70.666,-10.552,2.856,-8.048,-3.504,0.571,-0.709,18.367,5.975,-9.690,0.287,-1.207,0.000,0.000,0.000,1005.660,30.210,63.347,45.0000000,-122.0000000,63.350,0.000,0.000,0.000,8,00:00:00,0.000,0.000,0.000
51.408,61.673,51.408,7,-22.036,4.885,68.892,-10.867,2.615,-8.084,-3.489,-0.467,-0.537,18.863,6.226,-9.833,-0.747,-1.070,0.000,0.000,0.000,1005.860,30.190,61.673,45.0000000,-122.0000000,61.670,0.000,0.000,0.000,8,00:00:00,0.000,0.000,0.000
51.679,59.832,51.679,7,-22.366,5.022,66.971,-10.907,2.738,-8.068,-2.254,0.929,-0.334,19.255,6.497,-9.762,0.618,0.251,0.000,0.000,0.000,1006.080,30.190,59.832,45.0000000,-122.0000000,59.830,0.000,0.000,0.000,8,00:00:00,0.000,0.000,0.000
51.949,58.075,51.949,7,-22.647,5.193,65.112,-10.844,3.034,-7.848,-1.905,1.584,0.390,19.590,6.767,-10.394,1.207,0.833,0.000,0.000,0.000,1006.290,30.190,58.074,45.0000000,-122.0000000,58.080,0.000,0.000,0.000,8,00:00:00,0.000,0.000,0.000
52.222,56.401,52.222,7,-22.936,5.407,63.300,-10.987,3.189,-7.771,-2.673,1.075,-0.181,20.043,7.040,-10.027,0.690,0.014,0.000,0.000,0.000,1006.490,30.180,56.401,45.0000000,-122.0000000,56.400,0.000,0.000,0.000,8,00:00:00,0.000,0.000,0.000
52.492,54.059,52.492,7,-23.219,5.621,61.419,-11.303,3.283,-7.800,-3.368,0.881,-0.434,20.593,7.310,-9.970,0.481,-0.632,0.000,0.000,0.000,1006.770,30.190,54.059,45.0000000,-122.0000000,54.060,0.000,0.000,0.000,8,00:00:00,0.000,0.000,0.000
52.765,52.553,52.765,7,-23.553,5.853,59.608,-11.424,3.458,-7.580,-2.648,1.191,0.389,21.026,7.583,-10.573,0.725,0.366,0.000,0.000,0.000,1006.950,30.180,52.553,45.0000000,-122.0000000,52.550,0.000,0.000,0.000,8,00:00:00,0.000,0.000,0.000
53.039,50.63,53.039,7,-23.869,6.094,57.808,-11.396,3.531,-7.470,-2.134,0.837,0.022,21.394,7.857,-10.056,0.366,0.812,0.000,0.000,0.000,1007.180,30.180,50.630,45.0000000,-122.0000000,50.630,0.000,0.000,0.000,8,00:00:00,0.000,0.000,0.000
53.313,48.624,53.313,7,-24.135,6.319,56.001,-11.313,3.551,-7.320,-1.955,0.664,0.232,21.727,8.131,-10.192,0.165,1.099,0.000,0.000,0.000,1007.420,30.170,48.624,45.0000000,-122.0000000,48.620,0.000,0.000,0.000,8,00:00:00,0.000,0.000,0.000
53.587,46.868,53.587,7,-24.370,6.543,54.215,-11.397,3.720,-7.377,-2.592,1.230,-0.535,22.194,8.405,-9.675,0.733,0.345,0.000,0.000,0.000,1007.630,30.160,46.868,45.0000000,-122.0000000,46.870,0.000,0.000,0.000,8,00:00:00,0.000,0.000,0.000
53.857,45.531,53.857,7,-24.581,6.785,52.530,-11.660,4.008,-7.336,-3.316,1.713,-0.291,22.753,8.675,-10.157,1.156,-0.172,0.000,0.000,0.000,1007.790,30.160,45.531,45.0000000,-122.0000000,45.530,0.000,0.000,0.000,8,00:00:00,0.000,0.000,0.000
54.131,43.776,54.131,7,-24.858,7.065,50.821,-11.794,4.123,-7.264,-2.822,1.080,-0.160,23.234,8.949,-10.092,0.488,0.409,0.000,0.000,0.000,1008.000,30.150,43.776,45.0000000,-122.0000000,43.780,0.000,0.000,0.000,8,00:00:00,0.000,0.000,0.000
54.405,41.436,54.405,7,-25.126,7.308,49.026,-11.852,3.961,-7.116,-2.570,0.097,0.287,23.636,9.223,-10.372,-0.524,0.848,0.000,0.000,0.000,1008.280,30.160,41.437,45.0000000,-122.0000000,41.440,0.000,0.000,0.000,8,00:00:00,0.000,0.000,0.000
54.681,40.267,54.681,7,-25.399,7.513,47.344,-11.930,3.971,-7.141,-2.658,0.740,-0.501,24.103,9.499,-9.690,0.144,0.596,0.000,0.000,0.000,1008.420,30.140,40.267,45.0000000,-122.0000000,40.270,0.000,0.000,0.000,8,00:00:00,0.000,0.000,0.000
54.951,38.43,54.951,7,-25.605,7.710,45.658,-12.050,4.256,-7.226,-2.889,1.790,-0.683,24.630,9.769,-9.661,1.156,0.417,0.000,0.000,0.000,1008.640,30.140,38.430,45.0000000,-122.0000000,38.430,0.000,0.000,0.000,8,00:00:00,0.000,0.000,0.000
55.224,36.258,55.224,7,-25.854,7.945,43.842,-12.203,4.354,-7.367,-3.002,1.111,-0.775,25.166,10.042,-9.568,0.453,0.352,0.000,0.000,0.000,1008.900,30.130,36.259,45.0000000,-122.0000000,36.260,0.000,0.000,0.000,8,00:00:00,0.000,0.000,0.000
55.494,34.839,55.494,7,-26.101,8.144,42.093,-12.517,4.261,-7.419,-3.652,0.430,-0.555,25.752,10.312,-9.955,-0.259,-0.093,0.000,0.000,0.000,1009.070,30.140,34.839,45.0000000,-122.0000000,34.840,0.000,0.000,0.000,8,00:00:00,0.000,0.000,0.000
55.768,33.169,55.768,7,-26.439,8.326,40.322,-12.803,4.268,-7.473,-3.534,0.811,-0.584,26.345,10.586,-9.912,0.101,0.115,0.000,0.000,0.000,1009.270,30.130,33.170,45.0000000,-122.0000000,33.170,0.000,0.000,0.000,8,00:00:00,0.000,0.000,0.000
56.041,31.166,56.041,7,-26.782,8.521,38.512,-12.950,4.553,-7.454,-3.068,1.846,-0.261,26.887,10.859,-10.113,1.063,0.776,0.000,0.000,0.000,1009.510,30.130,31.166,45.0000000,-122.0000000,31.170,0.000,0.000,0.000,8,00:00:00,0.000,0.000,0.000
56.314,29.581,56.314,7,-27.156,8.751,36.756,-13.367,4.732,-7.350,-4.093,1.483,-0.004,27.537,11.132,-10.710,0.632,0.029,0.000,0.000,0.000,1009.700,30.120,29.581,45.0000000,-122.0000000,29.580,0.000,0.000,0.000,8,00:00:00,0.000,0.000,0.000
56.587,27.662,56.587,7,-27.610,8.969,34.971,-13.941,4.653,-7.455,-4.713,0.561,-0.726,28.275,11.405,-10.221,-0.251,-0.711,0.000,0.000,0.000,1009.930,30.110,27.662,45.0000000,-122.0000000,27.660,0.000,0.000,0.000,8,00:00:00,0.000,0.000,0.000
56.856,26.16,56.856,7,-28.068,9.142,33.230,-14.177,4.688,-7.614,-3.567,1.007,-1.012,28.894,11.674,-9.539,0.201,0.338,0.000,0.000,0.000,1010.110,30.120,26.160,45.0000000,-122.0000000,26.160,0.000,0.000,0.000,8,00:00:00,0.000,0.000,0.000
57.129,24.575,57.129,7,-28.578,9.334,31.460,-14.359,4.814,-7.752,-3.365,1.341,-0.980,29.503,11.947,-9.510,0.496,0.639,0.000,0.000,0.000,1010.300,30.120,24.575,45.0000000,-122.0000000,24.570,0.000,0.000,0.000,8,00:00:00,0.000,0.000,0.000
57.402,22.491,57.402,7,-29.119,9.527,29.594,-14.880,4.871,-7.964,-4.659,1.109,-1.179,30.282,12.220,-9.855,0.237,-0.496,0.000,0.000,0.000,1010.550,30.110,22.490,45.0000000,-122.0000000,22.490,0.000,0.000,0.000,8,00:00:00,0.000,0.000,0.000
57.676,20.656,57.676,7,-29.754,9.717,27.664,-15.500,4.922,-8.317,-5.064,1.102,-1.725,31.149,12.494,-9.553,0.244,-0.955,0.000,0.000,0.000,1010.770,30.100,20.656,45.0000000,-122.0000000,20.660,0.000,0.000,0.000,8,00:00:00,0.000,0.000,0.000
57.946,19.072,57.946,7,-30.408,9.889,25.762,-16.035,5.032,-8.505,-4.886,1.350,-1.238,31.958,12.764,-9.941,0.409,-0.438,0.000,0.000,0.000,1010.960,30.110,19.072,45.0000000,-122.0000000,19.070,0.000,0.000,0.000,8,00:00:00,0.000,0.000,0.000
58.219,17.155,58.219,7,-31.163,10.074,23.820,-16.547,5.070,-8.461,-4.820,1.092,-0.381,32.707,13.037,-10.645,0.036,0.136,0.000,0.000,0.000,1011.190,30.100,17.155,45.0000000,-122.0000000,17.160,0.000,0.000,0.000,8,00:00:00,0.000,0.000,0.000
58.489,15.655,58.489,7,-31.924,10.228,21.975,-17.099,5.043,-8.526,-5.091,0.875,-0.895,33.505,13.307,-10.300,-0.158,-0.208,0.000,0.000,0.000,1011.370,30.110,15.655,45.0000000,-122.0000000,15.650,0.000,0.000,0.000,8,00:00:00,0.000,0.000,0.000
58.741,13.655,58.741,7,-32.493,10.300,20.199,-17.752,5.149,-8.704,-5.887,1.468,-1.326,34.368,13.559,-10.379,0.424,-0.941,0.000,0.000,0.000,1011.610,30.090,13.655,45.0000000,-122.0000000,13.650,0.000,0.000,0.000,8,00:00:00,0.000,0.000,0.000
59.016,12.322,59.016,7,-33.522,10.502,18.282,-18.411,5.297,-9.015,-5.519,1.515,-1.879,35.314,13.834,-9.740,0.496,-0.733,0.000,0.000,0.000,1011.770,30.090,12.322,45.0000000,-122.0000000,12.320,0.000,0.000,0.000,8,00:00:00,0.000,0.000,0.000
59.29,10.656,59.290,7,-34.581,10.703,16.346,-19.055,5.378,-9.349,-5.586,1.295,-2.058,36.273,14.108,-9.611,0.259,-0.733,0.000,0.000,0.000,1011.970,30.090,10.656,45.0000000,-122.0000000,10.660,0.000,0.000,0.000,8,00:00:00,0.000,0.000,0.000
59.56,8.824,59.560,7,-35.600,10.873,14.382,-19.565,5.373,-9.696,-5.269,1.015,-2.176,37.189,14.378,-9.323,-0.029,-0.388,0.000,0.000,0.000,1012.190,30.100,8.824,45.0000000,-122.0000000,8.820,0.000,0.000,0.000,8,00:00:00,0.000,0.000,0.000
59.832,7.242,59.832,7,-36.661,11.049,12.390,-20.009,5.496,-10.074,-5.092,1.495,-2.401,38.123,14.650,-9.101,0.438,-0.194,0.000,0.000,0.000,1012.380,30.090,7.242,45.0000000,-122.0000000,7.240,0.000,0.000,0.000,8,00:00:00,0.000,0.000,0.000
60.106,5.327,60.106,7,-37.762,11.264,10.311,-20.549,5.771,-10.455,-5.508,2.062,-2.450,39.124,14.924,-9.366,0.941,-0.388,0.000,0.000,0.000,1012.610,30.090,5.327,45.0000000,-122.0000000,5.330,0.000,0.000,0.000,8,00:00:00,0.000,0.000,0.000
60.379,3.578,60.379,7,-38.890,11.511,8.226,-21.364,6.003,-10.724,-6.648,1.932,-2.155,40.202,15.197,-10.250,0.690,-0.991,0.000,0.000,0.000,1012.820,30.090,3.579,45.0000000,-122.0000000,3.580,0.000,0.000,0.000,8,00:00:00,0.000,0.000,0.000
60.649,2.08,60.649,7,-40.038,11.747,6.206,-22.156,6.015,-11.042,-6.746,1.161,-2.522,41.289,15.467,-9.934,-0.065,-1.135,0.000,0.000,0.000,1013.000,30.080,2.080,45.0000000,-122.0000000,2.080,0.000,0.000,0.000,8,00:00:00,0.000,0.000,0.000
60.922,0.25,60.922,7,-41.297,12.006,4.131,-22.805,6.278,-11.270,-6.266,2.095,-2.247,42.347,15.740,-10.006,0.783,-0.359,0.000,0.000,0.000,1013.220,30.090,0.250,45.0000000,-122.0000000,0.250,0.000,0.000,0.000,8,00:00:00,0.000,0.000,0.000
61.194,-1.581,61.194,7,-42.532,12.313,2.071,-23.236,6.677,-11.393,-5.605,2.633,-1.936,43.325,16.012,-9.927,1.228,0.546,0.000,0.000,0.000,1013.440,30.080,-1.581,45.0000000,-122.0000000,-1.580,0.000,0.000,0.000,8,00:00:00,0.000,0.000,0.000
61.463,-3.494,61.463,7,-43.695,12.635,0.034,-23.768,6.807,-11.530,-6.153,1.689,-2.050,44.339,16.281,-10.042,0.244,0.158,0.000,0.000,0.000,1013.670,30.080,-3.494,45.0000000,-122.0000000,-3.490,0.000,0.000,0.000,8,00:00:00,0.000,0.000,0.000
61.737,-5.074,61.737,7,-44.983,12.970,-2.022,-24.433,6.827,-11.863,-6.649,1.291,-2.876,45.471,16.555,-9.675,-0.086,-0.582,0.000,0.000,0.000,1013.860,30.080,-5.074,45.0000000,-122.0000000,-5.070,0.000,0.000,0.000,8,00:00:00,0.000,0.000,0.000
62.011,-6.738,62.011,7,-46.261,13.302,-4.096,-24.837,7.075,-12.328,-5.822,2.154,-3.486,46.601,16.829,-8.821,0.840,-0.115,0.000,0.000,0.000,1014.060,30.070,-6.738,45.0000000,-122.0000000,-6.740,0.000,0.000,0.000,8,00:00:00,0.000,0.000,0.000
62.286,-8.567,62.286,7,-47.506,13.693,-6.228,-25.129,7.568,-12.692,-5.516,3.077,-3.210,47.692,17.104,-8.971,1.645,0.524,0.000,0.000,0.000,1014.280,30.070,-8.567,45.0000000,-122.0000000,-8.570,0.000,0.000,0.000,8,00:00:00,0.000,0.000,0.000
62.584,-10.229,62.584,7,-48.023,14.414,-9.412,-16.836,8.819,-19.820,23.627,5.459,-26.136,47.759,17.402,26.792,9.302,7.089,0.000,0.000,0.000,1014.480,30.020,-10.230,45.0000000,-122.0000000,-10.230,0.000,0.000,0.000,8,00:00:00,0.000,0.000,0.000
62.84,-11.393,62.840,7,-46.671,15.072,-12.904,-15.996,10.339,-24.277,-1.432,7.460,-20.727,47.816,17.658,5.789,9.115,-7.765,0.000,0.000,0.000,1014.620,30.010,-11.393,45.0000000,-122.0000000,-11.390,0.000,0.000,0.000,8,00:00:00,0.000,0.000,0.000
63.114,-12.224,63.114,7,-45.502,16.146,-17.328,-14.947,11.510,-29.365,-0.472,5.799,-22.799,47.878,17.932,8.188,7.880,-8.569,0.000,0.000,0.000,1014.720,30.040,-12.224,45.0000000,-122.0000000,-12.220,0.000,0.000,0.000,8,00:00:00,0.000,0.000,0.000
63.387,-12.224,63.387,7,-44.245,17.885,-21.883,-14.375,16.800,-32.650,-2.096,21.072,-17.704,47.939,18.205,0.970,21.972,-5.200,0.000,0.000,0.000,1014.720,30.050,-12.224,45.0000000,-122.0000000,-12.220,0.000,0.000,0.000,8,00:00:00,0.000,0.000,0.000
63.653,-12.307,63.653,7,-42.943,20.170,-26.093,-14.128,18.365,-34.978,-3.237,7.838,-15.865,48.758,18.471,0.776,8.663,-5.739,0.000,0.000,0.000,1014.730,30.070,-12.307,45.0000000,-122.0000000,-12.310,0.000,0.000,0.000,8,00:00:00,0.000,0.000,0.000
63.927,-11.809,63.927,7,-41.800,22.725,-30.172,-13.711,19.957,-36.914,-2.419,7.954,-15.406,49.529,18.745,0.790,8.813,-4.705,0.000,0.000,0.000,1014.670,30.060,-11.809,45.0000000,-122.0000000,-11.810,0.000,0.000,0.000,8,00:00:00,0.000,0.000,0.000
64.202,-12.391,64.202,7,-40.693,25.400,-34.064,-13.365,21.422,-38.639,-2.567,7.713,-15.634,50.337,19.020,0.704,8.698,-4.884,0.000,0.000,0.000,1014.740,30.050,-12.391,45.0000000,-122.0000000,-12.390,0.000,0.000,0.000,8,00:00:00,0.000,0.000,0.000
64.471,-12.058,64.471,7,-39.547,28.010,-37.373,-12.989,22.684,-40.021,-2.397,7.378,-15.830,51.115,19.289,0.848,8.505,-4.834,0.000,0.000,0.000,1014.700,30.060,-12.058,45.0000000,-122.0000000,-12.060,0.000,0.000,0.000,8,00:00:00,0.000,0.000,0.000
64.739,-12.557,64.739,7,-38.435,30.622,-40.452,-12.668,23.864,-41.195,-2.497,7.348,-15.900,51.916,19.557,0.654,8.562,-4.856,0.000,0.000,0.000,1014.760,30.070,-12.557,45.0000000,-122.0000000,-12.560,0.000,0.000,0.000,8,00:00:00,0.000,0.000,0.000
65.015,-12.474,65.015,7,-37.448,33.406,-43.482,-12.340,24.995,-42.278,-2.312,7.220,-16.110,52.722,19.833,0.776,8.584,-4.784,0.000,0.000,0.000,1014.750,30.060,-12.474,45.0000000,-122.0000000,-12.470,0.000,0.000,0.000,8,00:00:00,0.000,0.000,0.000
65.291,-12.141,65.291,7,-36.480,36.154,-46.116,-12.017,26.020,-43.136,-2.245,7.102,-16.249,53.526,20.109,0.769,8.591,-4.748,0.000,0.000,0.000,1014.710,30.050,-12.141,45.0000000,-122.0000000,-12.140,0.000,0.000,0.000,8,00:00:00,0.000,0.000,0.000
